index,JD,filter,mag,ztf_mag_lower,ztf_mag_upper,atlas_mag_err,data_origin
0,2458266.7283102,ZTF_i,,,,,ztf
1,2458266.795544,ZTF_r,21.52789565968297,22.7136881090902,20.974681371765374,,ztf
2,2458266.8086343,ZTF_r,,,22.718958715036383,,ztf
3,2458266.8090972,ZTF_r,22.76589787645819,,21.599919354602633,,ztf
4,2458266.8295949,ZTF_r,22.32867016962728,,21.419534861762997,,ztf
5,2458266.8305093,ZTF_r,,,,,ztf
6,2458266.9037963,ZTF_g,,,,,ztf
7,2458266.921875,ZTF_g,21.7641158830669,,20.849433712186105,,ztf
8,2458266.9228009,ZTF_g,,,22.28916700266496,,ztf
9,2458266.9485995,ZTF_g,,,22.940861202510916,,ztf
10,2458267.9565972,ZTF_g,21.696098786110174,,20.81183317301677,,ztf
11,2458267.977662,ZTF_g,23.039558467704502,,21.247540513411543,,ztf
12,2458268.8929977,ZTF_r,,,,,ztf
13,2458268.8934491,ZTF_r,23.365745282969307,,21.77791704163825,,ztf
14,2458268.8939236,ZTF_r,,,23.61377742106755,,ztf
15,2458268.8943866,ZTF_r,23.77358513302331,,21.82105168066019,,ztf
16,2458268.9053588,ZTF_r,,,23.280011633473638,,ztf
17,2458268.9334954,ZTF_r,21.16031602457594,21.959645268725012,20.704940078810445,,ztf
18,2458269.8040625,ZTF_g,24.037660923086122,,21.717367934400457,,ztf
19,2458269.8271181,ZTF_g,22.346220421133474,,21.170773989815935,,ztf
20,2458269.8280324,ZTF_g,24.682615759787456,,21.55500425679351,,ztf
21,2458269.8696528,ZTF_r,,,22.50012652937281,,ztf
22,2458269.8918634,ZTF_r,,,,,ztf
23,2458269.8927894,ZTF_r,,,24.707399134690306,,ztf
24,2458270.7653704,ZTF_g,22.636739666377892,,21.555285203886278,,ztf
25,2458270.7805093,ZTF_g,,,22.36554398087182,,ztf
26,2458270.8331366,ZTF_r,,,23.38633187976782,,ztf
27,2458270.8488194,ZTF_r,25.015799836230237,,22.054985583846978,,ztf
28,2458270.8727431,ZTF_r,,,22.231984333336513,,ztf
29,2458270.8731944,ZTF_r,,,22.250697333160726,,ztf
30,2458270.8746065,ZTF_r,,,24.16055755400982,,ztf
31,2458270.8750694,ZTF_r,,,22.96333524090004,,ztf
32,2458270.8810648,ZTF_r,24.080383459903768,,21.927765632564252,,ztf
33,2458270.948044,ZTF_g,,,22.8815222778594,,ztf
34,2458271.8899537,ZTF_r,,,,,ztf
35,2458272.7598611,ZTF_g,,,,,ztf
36,2458272.7607755,ZTF_g,,,24.047744745078532,,ztf
37,2458272.7776852,ZTF_r,,,24.52172899317347,,ztf
38,2458272.8056134,ZTF_r,,,,,ztf
39,2458272.8065278,ZTF_r,,,23.383845356314087,,ztf
40,2458272.8252083,ZTF_r,25.114633476727796,,22.418395418001438,,ztf
41,2458272.8665625,ZTF_i,,,,,ztf
42,2458272.8831134,ZTF_g,,,22.919460584835214,,ztf
43,2458272.9149074,ZTF_g,23.009562093925698,,21.95873337595205,,ztf
44,2458273.7669907,ZTF_g,,,,,ztf
45,2458273.7837616,ZTF_g,24.945859147894822,,22.936699012461915,,ztf
46,2458273.8016088,ZTF_g,,,23.290017097406334,,ztf
47,2458273.8236574,ZTF_r,24.817228235008002,,22.497426377224325,,ztf
48,2458273.848125,ZTF_r,,,22.734557867479204,,ztf
49,2458273.8724769,ZTF_r,22.383277185253462,24.310580708602,21.72683176276191,,ztf
50,2458273.9111921,ZTF_r,,,23.31776884940836,,ztf
51,2458273.9116435,ZTF_r,25.114608466280313,,22.508064458687485,,ztf
52,2458274.7480208,ZTF_g,,,,,ztf
53,2458274.7680787,ZTF_g,,,23.5640549454783,,ztf
54,2458274.7846296,ZTF_g,,,24.115476326252324,,ztf
55,2458274.8026505,ZTF_r,23.323415942696943,,22.329025584605446,,ztf
56,2458274.8242708,ZTF_r,,,23.241687100632248,,ztf
57,2458274.845463,ZTF_r,24.682942356502537,,22.583805141016654,,ztf
58,2458275.8499306,ZTF_r,24.44064366836269,,22.489151813622797,,ztf
59,2458275.8508449,ZTF_r,,,,,ztf
60,2458275.8675116,ZTF_r,,,23.962302904620685,,ztf
61,2458275.8846181,ZTF_r,,,23.21572593957986,,ztf
62,2458276.7912269,ZTF_r,,,,,ztf
63,2458276.8077546,ZTF_r,,,22.868203879487215,,ztf
64,2458276.8243056,ZTF_r,23.815551389770217,,22.444466141861998,,ztf
65,2458276.8497338,ZTF_g,25.85837133571902,,23.069384934728053,,ztf
66,2458276.8654167,ZTF_g,,,24.19054512301584,,ztf
67,2458276.8825926,ZTF_g,,,22.932222722054686,,ztf
68,2458277.7868519,ZTF_r,,,,,ztf
69,2458277.8025231,ZTF_i,,,,,ztf
70,2458277.8236458,ZTF_g,26.509567525023424,,23.02074936024978,,ztf
71,2458277.8472338,ZTF_g,,,,,ztf
72,2458277.8630787,ZTF_g,,,23.81276661263124,,ztf
73,2458277.8859144,ZTF_r,22.686240871694118,,21.872673429633352,,ztf
74,2458277.9083681,ZTF_r,,,24.14757550717601,,ztf
75,2458278.7817593,ZTF_r,24.102111579859773,,22.432887919104747,,ztf
76,2458278.8044792,ZTF_r,,,,,ztf
77,2458278.8053935,ZTF_r,,,22.98452590903122,,ztf
78,2458278.8257292,ZTF_r,22.576378970747516,24.53894505277749,21.91672625107951,,ztf
79,2458278.851088,ZTF_g,,,23.34556713367131,,ztf
80,2458278.8634491,ZTF_g,22.074915082216798,22.538228493248273,21.75120710471737,,ztf
81,2458278.8643866,ZTF_g,,,,,ztf
82,2458278.8890278,ZTF_g,26.09285358456756,,22.939641936677898,,ztf
83,2458279.7687731,ZTF_r,22.98836307061887,,22.031182983246502,,ztf
84,2458279.7835069,ZTF_r,22.73340182739983,,21.942317556936864,,ztf
85,2458279.8025926,ZTF_g,,,22.69575797711428,,ztf
86,2458279.8253125,ZTF_g,22.915035553932807,26.416015213731242,22.184270640505463,,ztf
87,2458279.8469213,ZTF_g,,,24.051258980074657,,ztf
88,2458279.8894907,ZTF_r,,,,,ztf
89,2458280.748287,ZTF_g,24.0864531357277,,22.747357026935028,,ztf
90,2458280.7668981,ZTF_g,23.265442267655402,28.53271147030198,22.517119705339496,,ztf
91,2458280.7837847,ZTF_g,,,23.927610792163023,,ztf
92,2458280.8065972,ZTF_r,,,22.77210091273354,,ztf
93,2458280.8244097,ZTF_r,,,23.4862864178295,,ztf
94,2458280.8421991,ZTF_r,23.319525962634938,,22.31074828941955,,ztf
95,2458281.7624421,ZTF_g,,,23.976826241769682,,ztf
96,2458281.7803009,ZTF_g,,,24.264277948201595,,ztf
97,2458281.7812153,ZTF_g,23.062598715755115,25.461118953108695,22.371327803292512,,ztf
98,2458281.8027894,ZTF_i,,,,,ztf
99,2458281.8276273,ZTF_r,,,,,ztf
100,2458281.8295255,ZTF_r,23.846682629632657,,22.56235630330405,,ztf
101,2458281.845,ZTF_r,,,,,ztf
102,2458281.8706829,ZTF_r,22.943946272923142,,22.0986732566262,,ztf
103,2458282.7767824,ZTF_g,23.002745165601183,25.12371832787861,22.3300015322441,,ztf
104,2458282.8051157,ZTF_r,21.757020658105557,22.34084972193456,21.379419782673487,,ztf
105,2458282.8220949,ZTF_r,,,,,ztf
106,2458282.8434028,ZTF_r,,,23.593850614807003,,ztf
107,2458282.8692361,ZTF_g,24.512342087744905,,22.747306862240485,,ztf
108,2458282.8854282,ZTF_g,,,,,ztf
109,2458283.7696065,ZTF_g,,,23.619375147233136,,ztf
110,2458283.7832639,ZTF_g,24.63426043649173,,23.005326166987913,,ztf
111,2458283.8034144,ZTF_g,23.42872813962701,,22.638297613820434,,ztf
112,2458283.8290856,ZTF_r,,,,,ztf
113,2458283.8464468,ZTF_r,,,22.79283975275705,,ztf
114,2458283.8659491,ZTF_r,,,24.19291325238205,,ztf
115,2458284.7478241,ZTF_g,23.23469458559776,,22.27018488742054,,ztf
116,2458284.757581,ZTF_g,22.925304756691954,,22.171026538022232,,ztf
117,2458284.7594097,ZTF_g,,,23.458095398510494,,ztf
118,2458284.7796528,ZTF_r,,,,,ztf
119,2458284.8012731,ZTF_r,24.74206891219339,,22.590727788590225,,ztf
120,2458284.8040856,ZTF_r,,,,,ztf
121,2458284.8185995,ZTF_r,,,24.001681807586774,,ztf
122,2458284.8676389,ZTF_g,,,,,ztf
123,2458285.8078472,ZTF_r,,,22.862460570843357,,ztf
124,2458285.8215625,ZTF_r,23.201966867470603,,22.27634057115589,,ztf
125,2458285.8903935,ZTF_r,,,,,ztf
126,2458285.9779282,ZTF_i,,,,,ztf
127,2458286.7477199,ZTF_g,22.73422394187389,24.105824654613695,22.14712247179473,,ztf
128,2458286.7618634,ZTF_g,,,23.661247860399353,,ztf
129,2458286.8059722,ZTF_r,,,23.065563397013907,,ztf
130,2458286.8275694,ZTF_r,,,23.668472791339326,,ztf
131,2458286.9123032,ZTF_g,23.4353503899943,,22.48500064207418,,ztf
132,2458287.7830324,ZTF_r,,,,,ztf
133,2458287.7839468,ZTF_r,,,23.52472268495604,,ztf
134,2458287.8047685,ZTF_r,22.92304094823146,,22.099660466916397,,ztf
135,2458287.8181597,ZTF_r,,,23.575400585918338,,ztf
136,2458287.8428704,ZTF_g,24.067576712927636,,22.78065251476174,,ztf
137,2458288.7843519,ZTF_r,,,23.111964940152905,,ztf
138,2458288.8051968,ZTF_r,22.47596424209422,24.06719918335334,21.856610074528582,,ztf
139,2458288.8196875,ZTF_r,,,,,ztf
140,2458288.8434838,ZTF_g,,,23.619005069110106,,ztf
141,2458288.8601968,ZTF_g,22.993236624492752,,22.224116070882808,,ztf
142,2458288.8859028,ZTF_g,24.287204327746366,,22.661715613593785,,ztf
143,2458289.702037,ZTF_g,23.73786583817943,,22.373891155883964,,ztf
144,2458289.7403125,ZTF_r,23.46959970285446,,22.31811328718844,,ztf
145,2458289.7604977,ZTF_r,22.98338270352568,,22.025904122540602,,ztf
146,2458289.8528935,ZTF_i,,,,,ztf
147,2458289.8661227,ZTF_g,,,24.506888761423664,,ztf
148,2458289.8847917,ZTF_g,,,23.975281763433436,,ztf
149,2458290.7043866,ZTF_g,22.39887079821388,24.16032791961094,21.759141547937674,,ztf
150,2458290.7186806,ZTF_g,22.91072851245377,,22.063092879558756,,ztf
151,2458290.7205787,ZTF_g,,,23.555986468535757,,ztf
152,2458290.7444213,ZTF_g,22.71145907966666,26.8428858282373,21.971033389463642,,ztf
153,2458290.8292361,ZTF_r,,,25.433271660257986,,ztf
154,2458290.8466435,ZTF_r,,,23.016004483599406,,ztf
155,2458290.8667477,ZTF_r,,,,,ztf
156,2458290.8677083,ZTF_r,24.85877996695643,,22.726392147569022,,ztf
157,2458291.7813426,ZTF_r,26.21350490922411,,22.48643365385558,,ztf
158,2458291.8030556,ZTF_r,,,26.897937907345494,,ztf
159,2458291.8285069,ZTF_r,,,23.639165080480012,,ztf
160,2458291.8402083,ZTF_g,,,,,ztf
161,2458292.7185301,ZTF_g,23.21959551152151,,22.024518071897567,,ztf
162,2458292.7628009,ZTF_r,,,25.581469653809776,,ztf
163,2458292.7911806,ZTF_r,21.830445872964418,22.675582631156438,21.361038044171906,,ztf
164,2458292.7916319,ZTF_r,23.008270031807175,,22.02746117179197,,ztf
165,2458292.8007292,ZTF_r,,,23.731953561915898,,ztf
166,2458292.8192824,ZTF_r,23.019496779228874,,21.967111800475315,,ztf
167,2458292.8450926,ZTF_g,23.649734090028453,,22.145367842303056,,ztf
168,2458293.7046065,ZTF_g,23.31856756741221,,21.87938797285417,,ztf
169,2458293.7219329,ZTF_g,,,24.663955946897346,,ztf
170,2458293.7570949,ZTF_r,21.714128694879598,22.730219812391727,21.198582765653665,,ztf
171,2458293.7580093,ZTF_r,,,22.39510604061028,,ztf
172,2458293.8127315,ZTF_r,,,22.812201206323593,,ztf
173,2458293.8461574,ZTF_g,,,,,ztf
174,2458294.6951505,ZTF_g,22.595129065278794,,21.64387145015164,,ztf
175,2458294.720081,ZTF_g,,,,,ztf
176,2458294.7828819,ZTF_r,,,,,ztf
177,2458294.8200463,ZTF_r,,,23.460149770282534,,ztf
178,2458294.844294,ZTF_i,,,,,ztf
179,2458294.8672569,ZTF_g,,,,,ztf
180,2458295.7081829,ZTF_g,,,,,ztf
181,2458295.7180787,ZTF_g,23.904747583164408,,21.811172797020014,,ztf
182,2458295.7662963,ZTF_r,,,22.40176481266607,,ztf
183,2458295.7852083,ZTF_r,22.12139845484884,25.05813755238535,21.4057521200218,,ztf
184,2458295.8074537,ZTF_r,24.259557538128806,,22.040377407401408,,ztf
185,2458295.8677894,ZTF_g,21.7030536731257,23.670902477793568,21.04293017128096,,ztf
186,2458296.7840046,ZTF_r,,,,,ztf
187,2458297.7421875,ZTF_g,21.871493589198707,24.272438076754256,21.180082024030767,,ztf
188,2458297.8079745,ZTF_r,21.91844263508618,,21.14952483794373,,ztf
189,2458297.8316088,ZTF_r,,,,,ztf
190,2458297.8446644,ZTF_r,,,23.679579500153196,,ztf
191,2458297.8484954,ZTF_r,,,21.8303124907264,,ztf
192,2458297.8489468,ZTF_r,,,22.06662666586447,,ztf
193,2458298.6969444,ZTF_g,,,22.534128116447555,,ztf
194,2458298.7380208,ZTF_g,22.1725102213324,,21.32568882156573,,ztf
195,2458298.7884144,ZTF_r,,,24.30608653648466,,ztf
196,2458298.7984954,ZTF_r,,,22.579850908215587,,ztf
197,2458298.8195833,ZTF_r,,,,,ztf
198,2458298.8308102,ZTF_r,,,22.407298741328642,,ztf
199,2458298.8312731,ZTF_r,,,22.109769798099506,,ztf
200,2458298.8317477,ZTF_r,23.185330950492375,,21.41486734036065,,ztf
201,2458298.8321991,ZTF_r,21.935553601351323,,21.0705917662558,,ztf
202,2458299.6864352,ZTF_g,,,,,ztf
203,2458299.6873495,ZTF_g,23.470014351358724,,22.163396852124514,,ztf
204,2458299.7015394,ZTF_g,,,22.56277414605974,,ztf
205,2458299.7231019,ZTF_g,,,24.948197799319683,,ztf
206,2458299.8253241,ZTF_r,,,22.688135684152126,,ztf
207,2458299.825787,ZTF_r,,,22.87521900578028,,ztf
208,2458299.8262616,ZTF_r,21.182727607377913,22.061989257289063,20.703355360602586,,ztf
209,2458299.8267245,ZTF_r,,,,,ztf
210,2458299.8439468,ZTF_r,,,22.727444535517204,,ztf
211,2458299.8608912,ZTF_r,22.80166683361674,,21.45129640694951,,ztf
212,2458299.8627662,ZTF_r,21.874135206844095,,21.074293809912387,,ztf
213,2458299.8859606,ZTF_r,,,,,ztf
214,2458300.705625,ZTF_g,23.54398179540653,,22.481864345279753,,ztf
215,2458300.7171759,ZTF_g,,,22.878568547897313,,ztf
216,2458300.8037269,ZTF_g,21.85885774445919,23.032593183015493,21.308089925966904,,ztf
217,2458300.8256944,ZTF_r,,,22.923520471955868,,ztf
218,2458300.8445023,ZTF_r,22.574196848600305,,21.613528660275136,,ztf
219,2458300.8585532,ZTF_r,,,22.261683762561802,,ztf
220,2458301.6834491,ZTF_r,,,22.90263946175926,,ztf
221,2458301.7634838,ZTF_g,,,24.855223191583427,,ztf
222,2458301.7844676,ZTF_g,23.391809111037755,,22.270474922616454,,ztf
223,2458301.8071181,ZTF_g,21.464127216862366,21.93426173319101,21.13713053537687,,ztf
224,2458301.8454745,ZTF_r,,,24.304912064361346,,ztf
225,2458301.8700579,ZTF_r,26.512223774593835,,22.232880293288538,,ztf
226,2458302.7017477,ZTF_g,,,23.038276654542827,,ztf
227,2458303.8073727,ZTF_r,,,23.58561343187262,,ztf
228,2458303.823206,ZTF_r,,,23.496367022077557,,ztf
229,2458303.8472685,ZTF_r,,,23.150273175232982,,ztf
230,2458303.8927546,ZTF_i,,,,,ztf
231,2458304.7059028,ZTF_g,23.678322675231975,,22.643275673671,,ztf
232,2458304.7210069,ZTF_g,25.365735862636324,,23.068980592713338,,ztf
233,2458304.8031944,ZTF_g,23.39978468904004,,22.465247117378198,,ztf
234,2458304.8259954,ZTF_r,22.246007447148166,23.387618265060844,21.70192018909889,,ztf
235,2458304.8464815,ZTF_r,,,26.095587367940357,,ztf
236,2458305.7062037,ZTF_g,,,,,ztf
237,2458305.7174884,ZTF_g,,,23.390111884401538,,ztf
238,2458305.7184028,ZTF_g,24.59972830133436,,22.84394122943672,,ztf
239,2458305.8053356,ZTF_g,,,,,ztf
240,2458305.8486458,ZTF_r,,,,,ztf
241,2458305.8495718,ZTF_r,,,22.90335943942575,,ztf
242,2458305.8676273,ZTF_r,23.082736208086448,,21.72275164518606,,ztf
243,2458306.6870486,ZTF_r,22.22106248234093,24.052282669438362,21.573957635592915,,ztf
244,2458306.7006019,ZTF_r,,,23.3608511637249,,ztf
245,2458306.8222106,ZTF_g,,,,,ztf
246,2458307.6862731,ZTF_r,18.5343142247204,18.563148742692345,18.506225712167833,,ztf
247,2458307.7008218,ZTF_r,18.60455820851986,18.634333071616837,18.575578133689497,,ztf
248,2458307.7144676,ZTF_g,18.328182340462167,18.34872552046003,18.308020650328032,,ztf
249,2458307.7431713,ZTF_g,18.271791244662104,18.291360292208214,18.25256866939072,,ztf
250,2458307.8234028,ZTF_g,18.209858612981797,18.229485513442697,18.190580218220795,,ztf
251,2458307.8653819,ZTF_r,18.483118188970305,18.511847375922095,18.455129636852543,,ztf
252,2458308.6821065,ZTF_i,18.698231266767017,18.834989076952247,18.57678822037054,,ztf
253,2458308.7032639,ZTF_g,18.175176535251186,18.19346908255629,18.1571870823551,,ztf
254,2458308.7167593,ZTF_g,18.138365982540023,18.155769708335914,18.121236832929483,,ztf
255,2458308.7176736,ZTF_g,18.169426428529718,18.18715794103876,18.15197984805468,,ztf
256,2458308.7445139,ZTF_r,18.399204349609,18.42385688661523,18.375099163744235,,ztf
257,2458308.7468287,ZTF_r,18.436591395150494,18.46374422837686,18.41010108343523,,ztf
258,2458308.8186111,ZTF_r,18.373740028632767,18.412781562423433,18.33605377984594,,ztf
259,2458308.8454977,ZTF_r,18.25249664985134,18.334616605771252,18.176153489364026,,ztf
260,2458308.8881481,ZTF_g,18.146227811315637,18.178903367814893,18.114506972906653,,ztf
261,2458311.6864352,ZTF_r,18.39140206896981,18.416719770627942,18.366661309393507,,ztf
262,2458311.6985648,ZTF_r,18.452605472814728,18.479262196585847,18.42658756551621,,ztf
263,2458311.7397106,ZTF_g,18.499321442231135,18.52414090467757,18.47505668530203,,ztf
264,2458311.8333681,ZTF_g,18.45772049369505,18.486470557409746,18.429712127770426,,ztf
265,2458312.685463,ZTF_i,18.750347781539435,18.80285692494287,18.700261401513355,,ztf
266,2458312.7066319,ZTF_r,18.50034993093128,18.529624145180513,18.471844345237564,,ztf
267,2458312.7242361,ZTF_r,18.418272588844054,18.445799416956216,18.391426430842756,,ztf
268,2458312.7441667,ZTF_r,18.530962747544137,18.558502319820683,18.50410446801964,,ztf
269,2458312.7600579,ZTF_g,18.68131869556424,18.709104906766534,18.654225881805203,,ztf
270,2458312.8478472,ZTF_g,18.7013777776021,18.732443619853434,18.671176142923326,,ztf
271,2458313.7209954,ZTF_r,18.656626687565183,18.691738917073284,18.622614490362047,,ztf
272,2458313.7441551,ZTF_g,18.9143535058137,18.947582879655855,18.882111000965935,,ztf
273,2458313.8243981,ZTF_g,18.964736918425537,19.003941329812072,18.9268989271113,,ztf
274,2458313.8472801,ZTF_g,18.87115594441876,18.905735468225046,18.83764383256706,,ztf
275,2458314.6840162,ZTF_r,18.773959073042263,18.813951095770122,18.735387935085924,,ztf
276,2458314.6993287,ZTF_r,18.827325109969276,18.86884015445962,18.787339177761844,,ztf
277,2458314.7153588,ZTF_r,18.791424988315867,18.827000279338254,18.75697847150027,,ztf
278,2458314.7162731,ZTF_r,18.875058427556382,18.91260933441653,18.83876294498806,,ztf
279,2458314.7377083,ZTF_g,19.067099399330722,19.105140735333485,19.030345935160547,,ztf
280,2458314.8208333,ZTF_g,19.13331063304845,19.18217624140499,19.08654991891294,,ztf
281,2458314.8217477,ZTF_g,19.08437832968759,19.126592753446324,19.04374399777452,,ztf
282,2458314.850544,ZTF_g,18.994438696893333,19.03247119814208,18.957693479418637,,ztf
283,2458315.8222801,ZTF_r,18.88076027128285,18.923647729899244,18.839502723066133,,ztf
284,2458315.8427894,ZTF_r,18.86563691750278,18.908923597992597,18.824010049464036,,ztf
285,2458315.8815741,ZTF_g,19.131761182100853,19.182525535308493,19.08326470991288,,ztf
286,2458316.7413079,ZTF_r,18.89228713275203,18.929111662325447,18.856670704927236,,ztf
287,2458316.8628588,ZTF_g,19.352015768729746,19.412882192281778,19.294381146202127,,ztf
288,2458317.8682176,ZTF_g,19.233797544420703,19.3080641750959,19.164287295735644,,ztf
289,2458318.8941898,ZTF_g,19.268175265976783,19.31952826277768,19.21914185722858,,ztf
290,2458319.6740972,ZTF_g,19.389095303869972,19.48951416918375,19.297182891419325,,ztf
291,2458319.6968287,ZTF_g,19.392956800354373,19.475302223931287,19.31641882820591,,ztf
292,2458319.6977431,ZTF_g,19.403682861737792,19.5155045353616,19.302310097144233,,ztf
293,2458319.7429861,ZTF_r,18.83329723374343,18.877806577358818,18.790540905395687,,ztf
294,2458319.7624537,ZTF_r,18.84591362125822,18.889928233571673,18.803614016467165,,ztf
295,2458319.7812847,ZTF_r,18.81289906337634,18.85383335181589,18.77345216659891,,ztf
296,2458320.6800926,ZTF_g,19.319598378966116,19.400490858191937,19.244317124028967,,ztf
297,2458320.7006597,ZTF_g,19.236777470590457,19.29469656593804,19.181792247579875,,ztf
298,2458320.7419907,ZTF_i,18.99539855356541,19.070009802505368,18.925586519456758,,ztf
299,2458320.7656713,ZTF_r,18.725753578601264,18.762424029706445,18.690281304284557,,ztf
300,2458320.7784954,ZTF_r,18.754968178690085,18.796183176362284,18.71526066898282,,ztf
301,2458320.9060417,ZTF_g,19.159843222846746,19.236944559745638,19.08785592296328,,ztf
302,2458321.693912,ZTF_g,19.152421724949793,19.21744760890205,19.091071223442132,,ztf
303,2458321.7292361,ZTF_r,18.68166039810954,18.72196944011985,18.64279445297811,,ztf
304,2458321.7438426,ZTF_r,18.681067004948442,18.72131895432038,18.6422541399684,,ztf
305,2458321.7650579,ZTF_r,18.630233966167374,18.668021813891134,18.59371716915432,,ztf
306,2458321.8896875,ZTF_g,19.106429095772135,19.152742715427,19.062010490370373,,ztf
307,2458322.676169,ZTF_g,19.089136231134763,19.157923986990376,19.02444813489023,,ztf
308,2458322.6993287,ZTF_g,19.136518079353145,19.200981316832216,19.075668647141026,,ztf
309,2458322.7002431,ZTF_g,19.174671217960196,19.23500511553812,19.11751428133037,,ztf
310,2458322.7267014,ZTF_g,19.0277626254691,19.08635094540607,18.97217462672003,,ztf
311,2458322.7354745,ZTF_r,18.689846019097978,18.727989375529493,18.652997334577208,,ztf
312,2458322.7566088,ZTF_r,18.62811463318859,18.667021218993817,18.59055414003063,,ztf
313,2458322.7636343,ZTF_r,18.621850233747026,18.65610380421383,18.588644350120358,,ztf
314,2458322.7799653,ZTF_r,18.6238988767034,18.662457315420887,18.586662955117507,,ztf
315,2458323.7429861,ZTF_r,18.565496685437836,18.6097481006121,18.5229784202331,,ztf
316,2458323.7539583,ZTF_r,18.438945807893912,18.474907212798055,18.40413741731617,,ztf
317,2458323.7810532,ZTF_g,18.996616493323714,19.06401997603761,18.93315401029519,,ztf
318,2458323.8637963,ZTF_g,19.000954907389932,19.075735245949712,18.930994865613584,,ztf
319,2458323.8844097,ZTF_g,19.077584414953087,19.15477222152764,19.005521745504844,,ztf
320,2458324.6865625,ZTF_r,18.53358850131297,18.61236457657563,18.460143444798252,,ztf
321,2458324.7209259,ZTF_r,18.356327829577292,18.47538024139178,18.249049277382866,,ztf
322,2458324.7481481,ZTF_r,18.500864775514327,18.53958354249183,18.463479357653814,,ztf
323,2458324.7612731,ZTF_g,18.870965489711757,18.95255172150845,18.795083785570718,,ztf
324,2458324.783125,ZTF_g,19.070762379962687,19.161673230585954,18.98687903572675,,ztf
325,2458324.7993056,ZTF_g,18.895699814362438,18.960616616575237,18.83444641811088,,ztf
326,2458325.6796759,ZTF_g,19.123543467555997,19.22595024701586,19.0299686568714,,ztf
327,2458325.7010648,ZTF_g,19.035304247724824,19.13441831320994,18.94448602135256,,ztf
328,2458325.7019907,ZTF_g,19.008801605732877,19.080762354720697,18.94131527194282,,ztf
329,2458325.7260995,ZTF_r,18.464283584866237,18.5057372323379,18.424354612735304,,ztf
330,2458325.7392245,ZTF_r,18.510246736766376,18.55918854983403,18.463416247269237,,ztf
331,2458325.7401505,ZTF_r,18.41942561263894,18.466282509528643,18.374507524979833,,ztf
332,2458325.7623611,ZTF_r,18.53248103181307,18.5818770809937,18.485234824394183,,ztf
333,2458325.8073727,ZTF_i,18.693796877900418,18.754872342106616,18.63597486337082,,ztf
334,2458326.6803125,ZTF_g,18.931065856933053,19.00728893300573,18.859844712584483,,ztf
335,2458326.6974537,ZTF_g,18.76737088314291,18.83274105357601,18.70571401653886,,ztf
336,2458326.779537,ZTF_r,18.504683319843252,18.56010036924385,18.45195797984143,,ztf
337,2458326.7965162,ZTF_r,18.424767837356164,18.478883657211792,18.373221712513104,,ztf
338,2458327.68125,ZTF_g,18.883602632452636,18.963681952814078,18.809026085971894,,ztf
339,2458327.7001505,ZTF_g,18.804425976515198,18.88126196588611,18.732670031654237,,ztf
340,2458327.7866319,ZTF_r,18.367563454301127,18.419427935786292,18.318063941848397,,ztf
341,2458327.8027662,ZTF_r,18.43272674355292,18.500433350773108,18.368995626937497,,ztf
342,2458327.8309722,ZTF_r,18.266036248244966,18.325597915009034,18.209572807583214,,ztf
343,2458328.681794,ZTF_g,18.771574300663584,18.820603470000535,18.724663836637394,,ztf
344,2458328.6827083,ZTF_g,18.91348417706935,18.960571512651175,18.86835437180319,,ztf
345,2458328.7866782,ZTF_r,18.32499522005148,18.368748283466395,18.282937232457535,,ztf
346,2458328.8191088,ZTF_r,18.186866207165664,18.2504310996421,18.126817821900055,,ztf
347,2458329.8120486,ZTF_r,18.2939021639985,18.334685588284092,18.25459538452875,,ztf
348,2458329.8263889,ZTF_r,18.35448257313881,18.401311054047355,18.309590598888544,,ztf
349,2458330.6652315,ZTF_g,18.856148563332535,18.904488421473758,18.809869497917276,,ztf
350,2458330.6779514,ZTF_g,18.828705847728166,18.85750278863872,18.80065299410083,,ztf
351,2458330.6992361,ZTF_g,18.87055881522423,18.903623222935135,18.838471645654238,,ztf
352,2458330.8049421,ZTF_r,18.31431414625617,18.35042855324432,18.27936242796838,,ztf
353,2458330.8233218,ZTF_r,18.325924628532324,18.364356277871185,18.288806960483008,,ztf
354,2458330.8391898,ZTF_r,18.218998190469016,18.255985284105773,18.183229713058772,,ztf
355,2458331.6790162,ZTF_r,18.268777727458183,18.291936144282626,18.246102974051716,,ztf
356,2458331.6985995,ZTF_r,18.279502363936864,18.30273825507431,18.256753343831953,,ztf
357,2458331.6995255,ZTF_r,18.294499107818673,18.318557635133374,18.270962150293375,,ztf
358,2458331.7153472,ZTF_r,18.268643860426145,18.29263618193277,18.24517027291614,,ztf
359,2458331.7459722,ZTF_g,18.86191272606181,18.90404601732351,18.821353571427686,,ztf
360,2458331.7468981,ZTF_g,18.74298627807465,18.787126263221747,18.700570894355458,,ztf
361,2458331.7621296,ZTF_g,18.79658025513327,18.84382194042328,18.751308687898963,,ztf
362,2458331.7825463,ZTF_g,18.888192222517226,18.936413785127183,18.842021591260984,,ztf
363,2458331.8263079,ZTF_i,18.514607178751696,18.57585869032816,18.456627401718833,,ztf
364,2458332.6875579,ZTF_g,18.86716989235463,18.895656403939686,18.839411714102052,,ztf
365,2458332.699919,ZTF_g,18.85875556133842,18.89027031135631,18.828129819576517,,ztf
366,2458332.719375,ZTF_g,18.814422652913095,18.84381144053446,18.785808442883067,,ztf
367,2458332.7603356,ZTF_r,18.24684619459309,18.27245158073789,18.22183078439165,,ztf
368,2458332.7811921,ZTF_r,18.266596798908374,18.295785369386472,18.238172424658792,,ztf
369,2458332.8262963,ZTF_r,18.268180694560407,18.300461731169886,18.236831788228805,,ztf
370,2458334.6650463,ZTF_r,18.230182570945974,18.2531270978146,18.207712905855182,,ztf
371,2458334.6864005,ZTF_g,18.951780863065355,18.983093217677308,18.921346292811997,,ztf
372,2458337.6796065,ZTF_g,19.25727337126633,19.29198405808559,19.22363808404832,,ztf
373,2458337.6945023,ZTF_r,18.455970241442472,18.47993693206935,18.432521188995757,,ztf
374,2458338.6620255,ZTF_i,18.73697082891606,18.80386509855876,18.673959936929684,,ztf
375,2458340.68,ZTF_r,18.615587849936794,18.65230072956318,18.580075876180203,,ztf
376,2458342.8638773,ZTF_i,19.105780971868032,19.258440059192523,18.971964264636483,,ztf
377,2458343.6586343,ZTF_r,18.731915151319292,18.764046707467465,18.700707235713597,,ztf
378,2458343.6788773,ZTF_g,19.980683573984507,20.06200586257757,19.905030230756314,,ztf
379,2458346.6555093,ZTF_g,20.024870537314285,20.121050612889363,19.936521568474543,,ztf
380,2458346.6787731,ZTF_r,18.961773024650324,19.00275140768871,18.92228518145509,,ztf
381,2458349.6453472,ZTF_g,20.60136926428159,20.914104467902526,20.358861281163087,,ztf
382,2458349.6591667,ZTF_g,20.409157579803995,20.599371077848623,20.24735287821986,,ztf
383,2458349.6720023,ZTF_g,20.23514771041455,20.3826985515261,20.105270958590296,,ztf
384,2458349.6729282,ZTF_g,20.427284663668882,20.606268762148197,20.273672804642942,,ztf
385,2458349.6947685,ZTF_g,20.27168629673676,20.415547985012815,20.14467548238808,,ztf
386,2458349.7417245,ZTF_r,19.106031529513288,19.166117703651288,19.049096957041325,,ztf
387,2458349.7426389,ZTF_r,19.152919952203632,19.21166541353783,19.09719051732362,,ztf
388,2458349.768125,ZTF_r,19.090922978653,19.152717694580236,19.03245672184644,,ztf
389,2458349.7788542,ZTF_r,19.24205620910127,19.30958935102456,19.178478802778518,,ztf
390,2458350.6631829,ZTF_r,19.072575675960778,19.123091477436425,19.024306089695884,,ztf
391,2458350.6833102,ZTF_r,19.084581870165074,19.134068705180393,19.03725261527328,,ztf
392,2458350.6983796,ZTF_r,19.10219730531281,19.15622913236993,19.050727390005168,,ztf
393,2458350.7470949,ZTF_g,20.43609470097642,20.594104737213137,20.298185838997014,,ztf
394,2458350.7662269,ZTF_g,20.48171288752389,20.679865270724846,20.31420360149097,,ztf
395,2458350.8231019,ZTF_g,20.32131219218295,20.48566629543347,20.178597477211596,,ztf
396,2458351.661088,ZTF_r,19.121422130603605,19.174561678375,19.070762505577438,,ztf
397,2458351.6755671,ZTF_r,19.193959146010897,19.251518071666457,19.139298623092174,,ztf
398,2458351.7008681,ZTF_r,19.111339912246496,19.164424923307156,19.060729853930205,,ztf
399,2458351.7397569,ZTF_g,20.50747194712814,20.71070327640099,20.336350468468666,,ztf
400,2458351.7671181,ZTF_g,20.34122582678981,20.526197480538176,20.183227281659754,,ztf
401,2458351.7851736,ZTF_g,20.775425043715668,21.143932363880964,20.500797220780136,,ztf
402,2458352.6461921,ZTF_g,20.698300890818803,21.193631993146468,20.359416996522114,,ztf
403,2458352.6617708,ZTF_g,20.387254047184182,20.625104669537755,20.192260587148873,,ztf
404,2458352.6798495,ZTF_g,20.207604109081046,20.394621323387803,20.048116486235898,,ztf
405,2458352.6835995,ZTF_g,20.710533494927134,21.067133789184968,20.44254708407828,,ztf
406,2458352.6972685,ZTF_g,20.25501130069346,20.452013421268113,20.088324118780662,,ztf
407,2458352.7208796,ZTF_r,19.185343135077048,19.259990503861847,19.115499480884722,,ztf
408,2458352.7363889,ZTF_r,19.065645764950247,19.13085997617317,19.00412765670546,,ztf
409,2458352.7438773,ZTF_r,19.09391490522247,19.161947059056274,19.02989544168877,,ztf
410,2458352.7557176,ZTF_r,19.3601863320514,19.44873002887075,19.278322219253646,,ztf
411,2458353.6602546,ZTF_r,19.234888419019175,19.304403849785146,19.169557231068367,,ztf
412,2458353.6779282,ZTF_r,19.16198199206568,19.21858504573317,19.108184200693373,,ztf
413,2458353.6992361,ZTF_r,19.10244507117077,19.160685670117502,19.047170179255236,,ztf
414,2458353.741794,ZTF_r,19.22654388857807,19.301154978959968,19.156731993278893,,ztf
415,2458353.7558102,ZTF_r,19.247248953428656,19.319991034729227,19.179075925486295,,ztf
416,2458353.7845139,ZTF_r,19.29817874280779,19.382495607894388,19.219940585471438,,ztf
417,2458354.6604051,ZTF_r,19.176793739472622,19.26736010004147,19.093203745565116,,ztf
418,2458354.6993866,ZTF_r,19.285238489849778,19.3742899626682,19.202940545908962,,ztf
419,2458354.7181713,ZTF_r,19.20194236563011,19.314422525369885,19.100028810611065,,ztf
420,2458354.7403472,ZTF_r,19.208611010951437,19.287536218348947,19.135036347861572,,ztf
421,2458355.7410995,ZTF_r,19.26209216969476,19.345560265522113,19.184585292273656,,ztf
422,2458355.7547569,ZTF_r,19.362225858624996,19.463201879189885,19.269846959770874,,ztf
423,2458356.720544,ZTF_r,19.33122564189771,19.446752193458565,19.226817950389552,,ztf
424,2458356.7214583,ZTF_r,19.27300404908462,19.376108263393927,19.17884732930937,,ztf
425,2458356.7447685,ZTF_r,19.291714119999,19.39966577033995,19.193531776183274,,ztf
426,2458356.7688889,ZTF_r,19.34422471568124,19.459716545080376,19.239845380219197,,ztf
427,2458357.6820949,ZTF_r,19.430024927589137,19.533342229596308,19.335690553459955,,ztf
428,2458357.7378356,ZTF_r,19.331130779461247,19.432834027186196,19.238143660132973,,ztf
429,2458357.7593634,ZTF_r,19.334951571916424,19.449098707576606,19.231671656747253,,ztf
430,2458357.7841435,ZTF_r,19.569341521965253,19.713478514994293,19.442116237516835,,ztf
431,2458358.6945718,ZTF_r,19.3732363143683,19.462350336569493,19.2908849558166,,ztf
432,2458358.7202431,ZTF_r,19.44735254562265,19.55866067355326,19.346401952090886,,ztf
433,2458358.7421065,ZTF_r,19.42599359726401,19.5363251703,19.3258468060399,,ztf
434,2458359.7171181,ZTF_r,19.446334928331005,19.562826757371656,19.341139596578756,,ztf
435,2458359.718044,ZTF_r,19.30048414279401,19.422092586483284,19.191134931639148,,ztf
436,2458359.7460069,ZTF_r,19.42595473048089,19.6743804809811,19.223920409557447,,ztf
437,2458359.7679051,ZTF_r,19.636956867430737,19.78716574462181,19.505025893367893,,ztf
438,2458360.6446759,ZTF_g,20.51005081130386,20.711720244647054,20.340037090706275,,ztf
439,2458360.7261343,ZTF_r,19.37546938930091,19.451767117075565,19.30418307700204,,ztf
440,2458360.7463657,ZTF_r,19.247170589346776,19.32283169603292,19.176440291312186,,ztf
441,2458360.7675463,ZTF_r,19.524991227605728,19.62130970159134,19.43652550565692,,ztf
442,2458361.6705671,ZTF_g,20.824742309918925,20.96904864466301,20.69738515158573,,ztf
443,2458361.6989931,ZTF_g,20.618560071903673,20.743007895158485,20.506920970962867,,ztf
444,2458361.744537,ZTF_r,19.37551992500904,19.454065124484657,19.30227558184186,,ztf
445,2458361.7631597,ZTF_r,19.600311437872605,19.705849263549204,19.504129577736194,,ztf
446,2458362.6385417,ZTF_r,19.475885892264106,19.540345027956214,19.4150401147339,,ztf
447,2458362.6577199,ZTF_r,19.578561882583877,19.649397326471966,19.512066186026587,,ztf
448,2458362.6586343,ZTF_r,19.457863625651875,19.51720258614372,19.401600358673978,,ztf
449,2458362.6749306,ZTF_r,19.586759793791487,19.65343549840956,19.523942856861325,,ztf
450,2458362.6950231,ZTF_g,20.69545044714202,20.848774665589367,20.56112313873726,,ztf
451,2458362.701713,ZTF_g,20.927232680895088,21.091067668715127,20.78490936384562,,ztf
452,2458362.7159838,ZTF_g,20.983066559813267,21.195920013528553,20.805180308813746,,ztf
453,2458362.736169,ZTF_g,21.001614849807368,21.258251055164614,20.794192077153753,,ztf
454,2458362.7780787,ZTF_i,20.079741149232266,20.301563327243034,19.895640503868265,,ztf
455,2458363.6617708,ZTF_g,21.040122962715472,21.324548370022995,20.814952082961433,,ztf
456,2458363.6712731,ZTF_g,20.980920656825656,21.230620118188433,20.778045978510477,,ztf
457,2458363.7040625,ZTF_g,21.128685088272874,21.43500728354096,20.89004095556917,,ztf
458,2458363.7259954,ZTF_r,19.495818183770183,19.575821178284663,19.4213078342105,,ztf
459,2458363.739456,ZTF_r,19.2943007222893,19.398337773404666,19.19936675509801,,ztf
460,2458363.7571991,ZTF_r,19.598850721264316,19.705679405987848,19.501598035837596,,ztf
461,2458364.643044,ZTF_r,19.554555298994245,19.622244348191792,19.490839738708495,,ztf
462,2458364.6543056,ZTF_r,19.57360273901181,19.646049338672018,19.505689293605332,,ztf
463,2458364.6750694,ZTF_r,19.61788548650776,19.692891053462233,19.547728364743115,,ztf
464,2458364.6944213,ZTF_g,20.80602943583644,20.96626112533157,20.66643197418696,,ztf
465,2458364.7184028,ZTF_g,20.73458652288514,20.877883221607306,20.60801615437009,,ztf
466,2458364.7378472,ZTF_g,21.276078730293072,21.545929836233164,21.06012314265545,,ztf
467,2458365.6362269,ZTF_r,19.550264581877734,19.61893309149975,19.485681948426933,,ztf
468,2458365.6574537,ZTF_r,19.65356129433878,19.730053765073663,19.582105018718227,,ztf
469,2458365.6583681,ZTF_r,19.575570083987813,19.645807616241363,19.509601531785943,,ztf
470,2458365.682419,ZTF_r,19.594026596601477,19.674195022374608,19.519372780557152,,ztf
471,2458365.721713,ZTF_g,20.838740954324653,21.019803420950605,20.68360165950203,,ztf
472,2458365.7226736,ZTF_g,21.050802331088022,21.260076895847384,20.875420280368843,,ztf
473,2458365.7381944,ZTF_g,20.72408332710576,20.887109894304924,20.5823701897987,,ztf
474,2458365.7577894,ZTF_g,21.03298265320997,21.276087789236502,20.834476488131898,,ztf
475,2458366.7044676,ZTF_g,21.218569884008723,21.44381868247555,21.032117758321263,,ztf
476,2458366.713588,ZTF_g,20.832608317748015,20.995754902852546,20.690804542917586,,ztf
477,2458366.7380787,ZTF_g,20.985268214663535,21.188526953394373,20.81412732044236,,ztf
478,2458366.7849537,ZTF_i,19.767711925336478,20.001311438293076,19.575581242682034,,ztf
479,2458367.6598495,ZTF_r,19.542022278947773,19.61202917530362,19.47625721122801,,ztf
480,2458367.6786574,ZTF_r,19.607890957540544,19.683030070798814,19.537617015904516,,ztf
481,2458367.6953588,ZTF_r,19.602913721424542,19.6841919725357,19.52729848904808,,ztf
482,2458367.720706,ZTF_g,21.33075169812465,21.64479172424215,21.08746202083326,,ztf
483,2458367.7443981,ZTF_g,20.690963412009985,20.88896500943732,20.523561809038668,,ztf
484,2458367.7621759,ZTF_g,21.025713160683072,21.327546616306645,20.78979537477221,,ztf
485,2458368.6371759,ZTF_r,19.672647639037308,19.744203606146215,19.60551742364398,,ztf
486,2458368.6380903,ZTF_r,19.668366910572807,19.733728231864347,19.60671791612441,,ztf
487,2458368.6572685,ZTF_r,19.63018840136731,19.700278248588795,19.56435013873306,,ztf
488,2458368.6841204,ZTF_r,19.95020577538743,20.057176905762574,19.852835067530048,,ztf
489,2458368.7005787,ZTF_g,21.38761418688979,21.732444440670413,21.126305589562527,,ztf
490,2458368.7014931,ZTF_g,21.32961696004694,21.6408389444377,21.088017401616206,,ztf
491,2458368.7236343,ZTF_g,20.91300166386453,21.115123558126626,20.742666759872026,,ztf
492,2458368.7354861,ZTF_g,21.02286339116177,21.256799646831777,20.83050525465832,,ztf
493,2458369.6401852,ZTF_r,19.647246053399165,19.715138451318683,19.583350356121407,,ztf
494,2458369.6575694,ZTF_r,19.669599299980348,19.73948469813695,19.603941459913717,,ztf
495,2458369.6796991,ZTF_r,19.444788182159492,19.503480988360568,19.389106135539777,,ztf
496,2458369.7230787,ZTF_g,21.306116554055627,21.581358020239165,21.08672909559788,,ztf
497,2458369.7452662,ZTF_g,21.251614217183494,21.543125293422797,21.022035312160714,,ztf
498,2458369.7537269,ZTF_g,21.061443547452036,21.36259830381932,20.825939566205754,,ztf
499,2458370.6436343,ZTF_r,19.605200248141013,19.67171958261301,19.542522119634107,,ztf
500,2458370.6564815,ZTF_r,19.695882634279574,19.77725268082744,19.620187963692615,,ztf
501,2458370.6780324,ZTF_g,21.20532953981895,21.456899264667115,21.001223876053885,,ztf
502,2458370.6989815,ZTF_g,21.064823236453563,21.293532972975893,20.876008735471693,,ztf
503,2458370.7195949,ZTF_g,21.03463496271098,21.286665632584594,20.830226449892912,,ztf
504,2458370.7607986,ZTF_r,19.80529707206182,19.932786039126505,19.691217319012917,,ztf
505,2458371.6383449,ZTF_r,19.724565537239176,19.806797113960197,19.648125923189166,,ztf
506,2458371.6392593,ZTF_r,19.726228596011275,19.800213092135433,19.65696554899043,,ztf
507,2458371.6589931,ZTF_r,19.64781153536552,19.712715935049022,19.586569181091797,,ztf
508,2458371.6810069,ZTF_r,19.706038885801924,19.779785806253436,19.63698409218864,,ztf
509,2458371.6993171,ZTF_g,21.238165573881563,21.501844042797085,21.02617437111455,,ztf
510,2458371.7134144,ZTF_g,21.051306717788243,21.2661434700954,20.872038749316175,,ztf
511,2458371.7143287,ZTF_g,21.56558714695977,21.935067464838756,21.290421604718503,,ztf
512,2458371.7363657,ZTF_g,21.15374439029773,21.441874340215293,20.926263078424558,,ztf
513,2458371.7824653,ZTF_i,20.94866621912893,21.694553427031636,20.51067651768708,,ztf
514,2458372.6425579,ZTF_r,19.776879802593825,19.852608904372083,19.70609008963843,,ztf
515,2458372.6558333,ZTF_r,19.763495818017432,19.838531077903788,19.69331271997783,,ztf
516,2458372.6819792,ZTF_r,19.835549520896347,19.931733771660745,19.747197029459162,,ztf
517,2458372.7059954,ZTF_g,21.044960940088075,21.25994394292659,20.86559125170526,,ztf
518,2458372.7138773,ZTF_g,21.008279328649852,21.23060708120712,20.823830950682275,,ztf
519,2458372.7628704,ZTF_g,20.87824959894226,21.14711675964393,20.662923475369006,,ztf
520,2458373.6285764,ZTF_r,19.75112469720624,19.841838301419997,19.66740929696025,,ztf
521,2458373.6528704,ZTF_r,19.806160358512074,19.908170909865873,19.712916448819414,,ztf
522,2458373.681794,ZTF_r,19.845741764112688,19.941845024254725,19.757457608730682,,ztf
523,2458373.7021528,ZTF_g,20.827437778771294,21.031315437281542,20.655858693916983,,ztf
524,2458373.7217477,ZTF_g,21.066954370277276,21.35424993025342,20.8399923308692,,ztf
525,2458373.7365625,ZTF_g,21.203521579850758,21.579035339806463,20.92503833873618,,ztf
526,2458374.6335301,ZTF_r,19.787705189089635,19.86543614050373,19.715169355083688,,ztf
527,2458374.6344444,ZTF_r,19.70105332102901,19.779577531550768,19.6278272287004,,ztf
528,2458374.6593519,ZTF_r,19.94793033597118,20.052310129237416,19.852711100483226,,ztf
529,2458374.6841435,ZTF_r,19.79537457336926,19.88945082015148,19.70880378238519,,ztf
530,2458374.6990394,ZTF_g,21.158427700093277,21.43592168132957,20.93761436976515,,ztf
531,2458374.6999537,ZTF_g,21.332592917013216,21.646472588664142,21.089399224076217,,ztf
532,2458374.7185648,ZTF_g,20.961059028109375,21.21175806420653,20.75752600404021,,ztf
533,2458374.7433565,ZTF_g,20.97886412951836,21.270832133875956,20.749002564741843,,ztf
534,2458375.6762384,ZTF_r,19.764590975696706,19.861390351370922,19.675719777565316,,ztf
535,2458375.7003935,ZTF_r,19.732787948311902,19.825126402986786,19.647690763045382,,ztf
536,2458375.7149537,ZTF_g,21.656963475470036,22.15779002353697,21.315540302616775,,ztf
537,2458375.738588,ZTF_g,21.020897650737986,21.309468734429352,20.793142066074378,,ztf
538,2458375.7913889,ZTF_g,22.012206504469862,23.77682631748346,21.37213140979736,,ztf
539,2458376.6635648,ZTF_r,19.914401709109754,20.019021588605945,19.818982745288533,,ztf
540,2458376.6748264,ZTF_r,19.743137541344588,19.832694022709504,19.660408503638543,,ztf
541,2458376.6956134,ZTF_r,19.8816733811192,19.983411177770286,19.788657385213263,,ztf
542,2458376.7268287,ZTF_g,20.918015979311605,21.151877411541086,20.725708372306638,,ztf
543,2458376.744213,ZTF_g,21.41977853458239,21.916811594586758,21.080106207429473,,ztf
544,2458377.6190046,ZTF_r,19.696384216378963,19.83894267248761,19.5703899707927,,ztf
545,2458377.6371875,ZTF_r,19.821646913613225,19.91699822605532,19.733997665124722,,ztf
546,2458377.6621181,ZTF_r,19.87992664565002,19.982004517193978,19.786626499385534,,ztf
547,2458377.6630324,ZTF_r,19.87668656620405,19.9865840673287,19.776897483014377,,ztf
548,2458377.6808333,ZTF_r,19.74622718966581,19.840049043108685,19.659871845899218,,ztf
549,2458377.7024421,ZTF_g,21.12212173873643,21.491225724143778,20.847164084865334,,ztf
550,2458377.7033565,ZTF_g,21.21560194851816,21.603392223013017,20.93045539846629,,ztf
551,2458377.716088,ZTF_g,21.69449618224855,22.36563976185316,21.282828037372454,,ztf
552,2458377.7463194,ZTF_g,21.231313972993952,21.75719283880407,20.87854913330358,,ztf
553,2458378.6377083,ZTF_r,19.748948739072823,19.83328839862107,19.670690957225332,,ztf
554,2458378.6566551,ZTF_g,22.270958772027328,23.345601775121835,21.74159431810777,,ztf
555,2458378.6839815,ZTF_g,21.340872144474417,21.743363939025006,21.047896998726124,,ztf
556,2458378.7043519,ZTF_g,21.15716884541702,21.48860909147745,20.90359688918241,,ztf
557,2458378.7153704,ZTF_r,19.84949644579843,19.965780300853446,19.744470707726254,,ztf
558,2458378.7482639,ZTF_r,20.003671584450636,20.162347140884002,19.865256245989286,,ztf
559,2458379.6394907,ZTF_i,20.852962621432106,21.13044177505281,20.632158661398318,,ztf
560,2458379.6600347,ZTF_g,21.242739041215053,21.63622090526564,20.954542413730305,,ztf
561,2458379.6819213,ZTF_g,21.47838001833625,22.01729156905665,21.119863143001865,,ztf
562,2458379.6972917,ZTF_g,21.10157352202333,21.447765095449785,20.839486750739432,,ztf
563,2458379.7180903,ZTF_r,20.048256275079265,20.189898458079774,19.922978058020057,,ztf
564,2458379.7405556,ZTF_r,19.850156577857437,19.97937171200096,19.734696967579524,,ztf
565,2458379.7582523,ZTF_r,19.85783266285441,19.987413632844667,19.742081118489764,,ztf
566,2458380.621875,ZTF_g,20.998347471473135,21.298322058444715,20.76356403506196,,ztf
567,2458380.6792593,ZTF_g,20.943579418232886,21.3031714715706,20.6739135932837,,ztf
568,2458381.6220139,ZTF_r,19.846325327821233,19.957674719228216,19.745340799333864,,ztf
569,2458381.6229282,ZTF_r,19.909080248383766,20.022659438498174,19.8062654290893,,ztf
570,2458381.6400231,ZTF_r,19.869726023883647,19.995323354346112,19.75716294364892,,ztf
571,2458381.6581134,ZTF_r,19.787524056127996,19.88978625520747,19.69406996281937,,ztf
572,2458381.6767708,ZTF_g,21.32820703215401,21.919879630656563,20.94738710382808,,ztf
573,2458381.6832986,ZTF_g,21.35912993132286,22.038978866818855,20.944268167819892,,ztf
574,2458381.7020255,ZTF_g,21.532143492839154,22.494700578116028,21.030069110268293,,ztf
575,2458381.7127083,ZTF_g,21.142533723423604,21.75370616662053,20.753851188626825,,ztf
576,2458382.622338,ZTF_r,20.035247464193297,20.157410409611145,19.925450210411224,,ztf
577,2458382.6440162,ZTF_r,20.19983586157337,20.35723705233296,20.06239082449583,,ztf
578,2458382.657581,ZTF_r,20.112772212168508,20.24825736272425,19.992333520984005,,ztf
579,2458382.6755671,ZTF_g,21.02090506831096,21.458100384812955,20.71007782518531,,ztf
580,2458382.7021759,ZTF_g,21.327196483501833,22.181675256934952,20.855020426372043,,ztf
581,2458382.7187384,ZTF_g,20.66230022758449,21.12971876541032,20.336609350995417,,ztf
582,2458383.6180324,ZTF_r,19.96666317604891,20.114729217301544,19.83638756271801,,ztf
583,2458383.6399074,ZTF_r,20.217042231390693,20.436154378385993,20.0348102057185,,ztf
584,2458383.6597917,ZTF_r,19.93160522921668,20.079966655860915,19.80110108359736,,ztf
585,2458383.6796296,ZTF_g,22.316554977171343,,21.368684572149363,,ztf
586,2458383.6952894,ZTF_g,20.652815269840534,21.070587662834097,20.351872907316054,,ztf
587,2458383.7138889,ZTF_g,21.774062868134678,26.888056791766548,21.026386525645513,,ztf
588,2458384.6441667,ZTF_r,20.253116913131027,20.47473642470299,20.069155737874176,,ztf
589,2458384.6585995,ZTF_r,19.94384548726389,20.134443587869683,19.78176276802903,,ztf
590,2458384.6791898,ZTF_r,19.990221139820797,20.173509541447785,19.833451571129572,,ztf
591,2458384.7175231,ZTF_g,,,21.852834815454365,,ztf
592,2458384.7184375,ZTF_g,20.401988842357355,20.851249697133152,20.085153671979818,,ztf
593,2458384.7388889,ZTF_g,22.4019626287861,,21.046672654640343,,ztf
594,2458384.7617014,ZTF_g,20.81203580088618,22.5053892469081,20.180032149134938,,ztf
595,2458385.6160648,ZTF_g,21.333937597449914,22.18684992803749,20.862223557737064,,ztf
596,2458385.6363542,ZTF_g,20.95014324201833,21.532499950370998,20.573150301080403,,ztf
597,2458385.6609028,ZTF_g,,,21.797967461677487,,ztf
598,2458385.6835185,ZTF_r,19.648239079455944,19.799516208955037,19.515485029956814,,ztf
599,2458385.6924074,ZTF_r,20.254111370007656,20.543889114423543,20.025606472238035,,ztf
600,2458385.7122222,ZTF_r,20.000234560579493,20.21714793741125,19.819524435684798,,ztf
601,2458386.6233449,ZTF_g,20.717733827537252,21.161557355691116,20.40359375067008,,ztf
602,2458386.6376042,ZTF_g,20.6211215722521,21.028408990718255,20.32562761475872,,ztf
603,2458386.668588,ZTF_g,21.101767962494407,21.996545231886966,20.617996896923312,,ztf
604,2458386.6990046,ZTF_r,19.99821630120237,20.24451430368984,19.79758946357816,,ztf
605,2458386.7162847,ZTF_r,20.01673722390025,20.29280131269241,19.79682847436093,,ztf
606,2458386.7382523,ZTF_r,19.934582863324497,20.275021562193942,19.675795107002635,,ztf
607,2458387.6204514,ZTF_r,20.210656377761584,20.39155113831506,20.055640145581823,,ztf
608,2458387.6385532,ZTF_r,19.768756724540946,19.89259350915243,19.657609498308034,,ztf
609,2458387.6394676,ZTF_r,20.271801837959654,20.493913622851693,20.087501968445945,,ztf
610,2458387.6546296,ZTF_r,20.001956384281748,20.18136030734368,19.848035578436175,,ztf
611,2458387.7037153,ZTF_g,21.278406909344543,23.520209238845986,20.596973587177448,,ztf
612,2458387.7219329,ZTF_g,21.370261469361772,24.693801601040857,20.64341494082631,,ztf
613,2458387.7228472,ZTF_g,21.50658176308152,,20.71042915046178,,ztf
614,2458387.7365972,ZTF_g,27.24062267250115,,21.246293491588318,,ztf
615,2458388.6164236,ZTF_g,21.494760016434014,21.854635700550602,21.2249353508139,,ztf
616,2458388.6392477,ZTF_g,,,22.749945169342233,,ztf
617,2458388.6563079,ZTF_g,23.40130059792259,,21.777423474826392,,ztf
618,2458388.6814815,ZTF_r,19.987262641841664,20.173231249805866,19.828537752496256,,ztf
619,2458388.6940972,ZTF_r,19.935654365835006,20.122157550748007,19.776540477820127,,ztf
620,2458388.7198727,ZTF_r,19.993725939067986,20.232925805360914,19.797827784281544,,ztf
621,2458389.6161111,ZTF_r,20.027912445577225,20.144786615001777,19.922405485794684,,ztf
622,2458389.634213,ZTF_g,21.752979488700408,22.256303117890248,21.410408680554564,,ztf
623,2458389.6578356,ZTF_g,21.23726451055584,21.690393205146854,20.918524424779548,,ztf
624,2458389.6952083,ZTF_g,20.741516833554847,21.23006130427492,20.405794915131395,,ztf
625,2458389.7170833,ZTF_r,20.288066868396683,20.54961259053055,20.077454060650417,,ztf
626,2458389.7480787,ZTF_r,20.07448770434536,20.380269627532304,19.83617076124082,,ztf
627,2458390.6210301,ZTF_g,21.221817675001624,21.462443833990704,21.02496520171106,,ztf
628,2458390.6219444,ZTF_g,21.7382477654275,22.348270334064175,21.35002340427271,,ztf
629,2458390.6386806,ZTF_g,21.90850081130084,22.489794758054646,21.53194740840378,,ztf
630,2458390.7024653,ZTF_r,20.429939746211424,20.683126583192198,20.224772547554977,,ztf
631,2458390.7186227,ZTF_r,20.10557154123964,20.30164039084833,19.939552476012764,,ztf
632,2458390.7204514,ZTF_r,20.0441046337967,20.25072459171932,19.870589142628738,,ztf
633,2458390.7351968,ZTF_r,20.05909959184592,20.285460730210392,19.87188682020687,,ztf
634,2458282.956071,o,21.314,,,1.346,atlas
635,2458282.969867,o,-22.565,,,3.75,atlas
636,2458282.980733,o,20.98,,,0.824,atlas
637,2458282.996347,o,-21.642,,,1.692,atlas
638,2458284.94807,c,-23.227,,,4.313,atlas
639,2458284.958916,c,-24.125,,,9.857,atlas
640,2458284.976179,c,21.106,,,0.767,atlas
641,2458284.988809,c,-22.274,,,1.941,atlas
642,2458286.934349,o,-20.36,,,0.517,atlas
643,2458286.946035,o,22.038,,,2.731,atlas
644,2458286.96285,o,-21.778,,,1.967,atlas
645,2458286.9748959998,o,-24.195,,,22.0,atlas
646,2458290.927751,o,-20.689,,,0.784,atlas
647,2458290.935149,o,-21.779,,,1.97,atlas
648,2458290.944154,o,-21.724,,,1.943,atlas
649,2458290.956768,o,22.192,,,3.261,atlas
650,2458292.936947,o,23.15,,,6.579,atlas
651,2458292.94662,o,21.741,,,1.808,atlas
652,2458292.953906,o,-22.846,,,5.581,atlas
653,2458292.966999,o,20.744,,,0.694,atlas
654,2458294.919433,o,-21.716,,,3.556,atlas
655,2458294.928858,o,20.616,,,1.235,atlas
656,2458294.940479,o,-22.008,,,3.741,atlas
657,2458294.947131,o,-21.551,,,2.925,atlas
658,2458296.954661,o,-20.171,,,0.692,atlas
659,2458296.966992,o,-20.458,,,0.901,atlas
660,2458296.975231,o,21.881,,,3.596,atlas
661,2458296.983452,o,20.013,,,0.78,atlas
662,2458298.873092,o,20.307,,,1.067,atlas
663,2458298.885677,o,23.263,,,16.429,atlas
664,2458298.892126,o,-22.17,,,5.963,atlas
665,2458298.89403,o,-20.122,,,0.951,atlas
666,2458298.900982,o,-24.168,,,37.333,atlas
667,2458300.896813,o,-16.857,,,2.082,atlas
668,2458300.906622,o,-16.038,,,2.563,atlas
669,2458300.922465,o,-16.841,,,2.884,atlas
670,2458302.912045,o,21.501,,,1.925,atlas
671,2458302.920903,o,22.593,,,4.733,atlas
672,2458302.927085,o,-25.525,,,81.0,atlas
673,2458302.940045,o,-21.128,,,1.357,atlas
674,2458304.907949,o,-21.628,,,2.75,atlas
675,2458304.918749,o,-21.153,,,1.108,atlas
676,2458304.929346,o,-21.284,,,1.316,atlas
677,2458304.93556,o,20.745,,,1.529,atlas
678,2458308.913872,c,18.276,,,0.054,atlas
679,2458308.924334,c,18.329,,,0.059,atlas
680,2458308.93983,c,18.197,,,0.049,atlas
681,2458308.947235,c,18.274,,,0.053,atlas
682,2458310.8935599998,o,18.46,,,0.107,atlas
683,2458310.9013879998,o,18.531,,,0.108,atlas
684,2458310.910342,o,18.335,,,0.09,atlas
685,2458310.922328,o,18.599,,,0.109,atlas
686,2458312.907449,c,18.937,,,0.101,atlas
687,2458312.915694,c,18.792,,,0.092,atlas
688,2458312.92377,c,18.667,,,0.081,atlas
689,2458312.936178,c,18.86,,,0.089,atlas
690,2458318.877183,o,18.694,,,0.139,atlas
691,2458318.886592,o,19.033,,,0.189,atlas
692,2458318.897648,o,18.855,,,0.138,atlas
693,2458318.903843,o,18.998,,,0.173,atlas
694,2458320.885639,o,18.717,,,0.275,atlas
695,2458320.895951,o,19.182,,,0.154,atlas
696,2458320.906951,o,18.887,,,0.145,atlas
697,2458320.91272,o,18.863,,,0.119,atlas
698,2458322.873068,o,18.769,,,0.183,atlas
699,2458322.881849,o,18.858,,,0.203,atlas
700,2458322.890342,o,18.62,,,0.143,atlas
701,2458322.902309,o,19.0,,,0.25,atlas
702,2458324.876523,o,19.073,,,0.19,atlas
703,2458324.885328,o,18.742,,,0.137,atlas
704,2458324.893386,o,18.638,,,0.124,atlas
705,2458324.906208,o,18.561,,,0.146,atlas
706,2458328.764302,o,18.41,,,0.085,atlas
707,2458328.777464,o,18.4,,,0.089,atlas
708,2458328.781595,o,18.492,,,0.083,atlas
709,2458328.796281,o,18.5,,,0.109,atlas
710,2458330.861981,o,18.423,,,0.163,atlas
711,2458330.870331,o,18.791,,,0.237,atlas
712,2458330.871252,o,18.276,,,0.154,atlas
713,2458330.877986,o,18.571,,,0.217,atlas
714,2458330.878906,o,18.328,,,0.168,atlas
715,2458330.890895,o,18.404,,,0.166,atlas
716,2458330.891356,o,18.411,,,0.193,atlas
717,2458330.896585,o,18.468,,,0.196,atlas
718,2458334.85824,o,18.203,,,1.167,atlas
719,2458334.866229,o,18.727,,,0.525,atlas
720,2458334.86715,o,18.025,,,0.257,atlas
721,2458334.883896,o,18.287,,,0.575,atlas
722,2458338.837518,o,18.67,,,0.096,atlas
723,2458338.855723,o,18.476,,,0.092,atlas
724,2458338.862836,o,18.452,,,0.082,atlas
725,2458342.827448,o,18.702,,,0.107,atlas
726,2458342.835804,o,18.732,,,0.117,atlas
727,2458342.841473,o,18.855,,,0.127,atlas
728,2458342.853522,o,18.958,,,0.139,atlas
729,2458344.848662,c,19.677,,,0.18,atlas
730,2458344.856221,c,19.654,,,0.205,atlas
731,2458344.868123,c,20.174,,,0.291,atlas
732,2458344.873902,c,19.492,,,0.189,atlas
733,2458348.813439,o,18.994,,,0.125,atlas
734,2458348.821377,o,19.193,,,0.158,atlas
735,2458348.829324,o,18.993,,,0.135,atlas
736,2458348.839548,o,19.342,,,0.179,atlas
737,2458352.807518,o,18.101,,,0.484,atlas
738,2458352.815412,o,-18.99,,,0.922,atlas
739,2458352.823336,o,17.521,,,1.233,atlas
740,2458352.831811,o,18.349,,,1.26,atlas
741,2458360.779959,o,19.504,,,0.186,atlas
742,2458360.788394,o,19.78,,,0.251,atlas
743,2458360.796782,o,19.657,,,0.271,atlas
744,2458360.804677,o,19.602,,,0.275,atlas
745,2458362.776419,o,19.385,,,0.301,atlas
746,2458362.784372,o,19.357,,,0.232,atlas
747,2458362.791327,o,19.323,,,0.268,atlas
748,2458362.79921,o,19.613,,,0.311,atlas
749,2458364.771139,o,19.412,,,0.241,atlas
750,2458364.780087,o,20.317,,,0.485,atlas
751,2458364.788515,o,19.505,,,0.223,atlas
752,2458364.79647,o,19.844,,,0.305,atlas
