HJD,UT Date,Camera,FWHM,Limit,mag,mag_err,flux(mJy),flux_err,Filter
2458850.757,2020-01-02.2555149,bA,2.03,18.363,>18.363,99.99,-0.073,0.033,g
2458854.747,2020-01-06.2454804,bA,2.12,17.604,>17.604,99.99,0.258,0.066,g
2458866.694,2020-01-18.1930799,bq,1.67,17.775,>17.775,99.99,0.164,0.056,g
2458867.688,2020-01-19.1874760,bq,1.52,18.514,>18.514,99.99,0.02,0.029,g
2458872.665,2020-01-24.1646491,bq,1.46,18.386,>18.386,99.99,0.028,0.032,g
2458877.633,2020-01-29.1335209,bq,1.43,18.494,>18.494,99.99,0.009,0.029,g
2458879.567,2020-01-31.0675627,bq,1.53,18.065,>18.065,99.99,-0.017,0.043,g
2458892.611,2020-02-13.1123726,bq,1.46,18.152,>18.152,99.99,0.074,0.04,g
2458893.592,2020-02-14.0937016,bq,1.52,18.473,>18.473,99.99,0.032,0.03,g
2458904.582,2020-02-25.0844796,bq,1.68,18.104,>18.104,99.99,-0.04,0.042,g
2458905.587,2020-02-26.0901800,bq,1.68,18.177,>18.177,99.99,0.074,0.039,g
2458998.108,2020-05-28.6117265,bA,2,17.428,>17.428,99.99,0.063,0.078,g
2459000.105,2020-05-30.6086704,bA,2.15,17.679,>17.679,99.99,0.08,0.062,g
2459001.101,2020-05-31.6049633,bA,2.03,17.885,>17.885,99.99,0.049,0.051,g
2459002.098,2020-06-01.6015079,bA,1.71,18.031,>18.031,99.99,0.13,0.045,g
2459004.09,2020-06-03.5939972,bA,1.71,18.417,>18.417,99.99,-0.026,0.031,g
2459013.09,2020-06-12.5928376,bA,2.18,18.103,>18.103,99.99,0.038,0.042,g
2459014.919,2020-06-14.4222608,bq,1.59,17.895,>17.895,99.99,0.164,0.05,g
2459015.916,2020-06-15.4187488,bq,1.53,17.775,>17.775,99.99,-0.093,0.056,g
2459025.052,2020-06-24.5542324,bA,1.95,18.645,>18.645,99.99,0.005,0.025,g
2459028.045,2020-06-27.5470135,bA,2.04,18.681,>18.681,99.99,-0.038,0.024,g
2459029.041,2020-06-28.5429807,bA,1.97,18.735,>18.735,99.99,-0.051,0.023,g
2459030.047,2020-06-29.5490136,bA,1.65,18.833,>18.833,99.99,-0.008,0.021,g
2459032.039,2020-07-01.5411353,bA,2.04,18.627,>18.627,99.99,0.037,0.026,g
2459033.038,2020-07-02.5401119,bA,1.99,17.718,>17.718,99.99,0.081,0.059,g
2459034.025,2020-07-03.5271253,bA,1.99,17.155,>17.155,99.99,0.222,0.1,g
2459037.017,2020-07-06.5185533,bA,2.01,17.153,>17.153,99.99,0.129,0.1,g
2459040.013,2020-07-09.5141407,bA,1.66,17.379,>17.379,99.99,-0.194,0.081,g
2459040.862,2020-07-10.3628932,bq,1.47,17.298,>17.298,99.99,0.179,0.088,g
2459041.864,2020-07-11.3653715,bq,1.55,17.597,>17.597,99.99,-0.015,0.066,g
2459042.853,2020-07-12.3541451,bq,1.58,17.636,>17.636,99.99,-0.102,0.064,g
2459043.855,2020-07-13.3563586,bq,1.48,17.824,>17.824,99.99,0.069,0.054,g
2459048.991,2020-07-18.4914709,bA,1.68,18.597,>18.597,99.99,0.036,0.026,g
2459049.989,2020-07-19.4893189,bA,1.98,18.695,>18.695,99.99,-0.019,0.024,g
2459051.013,2020-07-20.5132465,bA,2.03,18.687,>18.687,99.99,0.069,0.024,g
2459051.998,2020-07-21.4987480,bA,2.13,18.749,>18.749,99.99,0.02,0.023,g
2459053.971,2020-07-23.4708171,bA,1.65,18.376,>18.376,99.99,0.031,0.032,g
2459055.821,2020-07-25.3211956,bq,1.46,18.445,>18.445,99.99,-0.027,0.03,g
2459058.954,2020-07-28.4532927,bA,2.13,18.79,>18.790,99.99,0.035,0.022,g
2459059.81,2020-07-29.3096293,bq,1.48,18.029,>18.029,99.99,-0.072,0.045,g
2459060.12,2020-07-29.6200225,bA,1.68,18.377,>18.377,99.99,0.09,0.032,g
2459060.81,2020-07-30.3092369,bq,1.49,17.431,>17.431,99.99,0.162,0.077,g
2459061.805,2020-07-31.3045502,bq,1.5,17.45,>17.450,99.99,0.009,0.076,g
2459062.043,2020-07-31.5429572,bA,1.98,18.341,>18.341,99.99,-0.038,0.033,g
2459062.801,2020-08-01.3005715,bq,1.49,16.948,>16.948,99.99,0.032,0.121,g
2459066.784,2020-08-05.2829914,bq,1.51,17.111,>17.111,99.99,0.101,0.104,g
2459068.783,2020-08-07.2824143,bq,1.46,17.112,>17.112,99.99,0.442,0.104,g
2459069.778,2020-08-08.2768655,bq,1.46,17.563,>17.563,99.99,0.279,0.069,g
2459070.783,2020-08-09.2818682,bq,1.42,17.584,>17.584,99.99,-0.234,0.067,g
2459071.122,2020-08-09.6203932,bA,1.65,17.977,>17.977,99.99,-0.057,0.047,g
2459072.018,2020-08-10.5164806,bA,1.63,18.153,>18.153,99.99,-0.025,0.04,g
2459072.776,2020-08-11.2746487,bq,1.47,18.158,>18.158,99.99,0.116,0.04,g
2459073.771,2020-08-12.2699550,bq,1.75,18.175,>18.175,99.99,0.038,0.039,g
2459074.115,2020-08-12.6135672,bA,1.68,18.093,>18.093,99.99,-0.004,0.042,g
2459074.765,2020-08-13.2631409,bq,1.48,18.279,>18.279,99.99,-0.096,0.035,g
2459075.115,2020-08-13.6130769,bA,1.69,18.409,>18.409,99.99,-0.079,0.031,g
2459075.763,2020-08-14.2614476,bq,1.46,18.303,>18.303,99.99,0.056,0.035,g
2459075.994,2020-08-14.4924773,bA,1.67,18.559,>18.559,99.99,-0.015,0.027,g
2459077.894,2020-08-16.3920344,bA,1.67,18.675,>18.675,99.99,0.001,0.025,g
2459078.939,2020-08-17.4366965,bA,2,18.751,>18.751,99.99,-0.046,0.023,g
2459079.759,2020-08-18.2568307,bq,1.46,17.654,>17.654,99.99,-0.029,0.063,g
2459080.067,2020-08-18.5650861,bA,1.63,19.032,>19.032,99.99,-0.004,0.018,g
2459080.752,2020-08-19.2499584,bq,1.51,18.512,>18.512,99.99,-0.002,0.029,g
2459081.748,2020-08-20.2454836,bq,1.46,18.076,>18.076,99.99,0.029,0.043,g
2459082.75,2020-08-21.2482129,bq,1.48,17.728,>17.728,99.99,0.09,0.059,g
2459083.88,2020-08-22.3774506,bA,1.98,18.477,>18.477,99.99,0.062,0.03,g
2459084.742,2020-08-23.2394186,bq,1.44,17.996,>17.996,99.99,0.114,0.046,g
2459085.038,2020-08-23.5355236,bA,1.65,18.739,>18.739,99.99,-0.018,0.023,g
2459085.908,2020-08-24.4058628,bq,1.45,17.742,>17.742,99.99,-0.081,0.058,g
2459086.736,2020-08-25.2337625,bq,1.48,18.172,>18.172,99.99,-0.051,0.039,g
2459086.999,2020-08-25.4968508,bA,1.67,18.772,>18.772,99.99,0.021,0.022,g
2459087.732,2020-08-26.2294736,bq,1.48,17.916,>17.916,99.99,-0.095,0.049,g
2459087.979,2020-08-26.4766165,bA,2.03,18.923,>18.923,99.99,-0.054,0.02,g
2459088.722,2020-08-27.2195240,bq,1.47,18.014,>18.014,99.99,-0.007,0.045,g
2459089.727,2020-08-28.2239072,bq,1.51,17.479,>17.479,99.99,-0.094,0.074,g
2459090.122,2020-08-28.6194509,bA,2.25,18.604,>18.604,99.99,0.021,0.026,g
2459090.722,2020-08-29.2193175,bq,1.47,17.103,>17.103,99.99,-0.198,0.105,g
2459091.044,2020-08-29.5409603,bA,1.97,18.849,>18.849,99.99,-0.022,0.021,g
2459091.724,2020-08-30.2208273,bq,1.63,16.975,>16.975,99.99,0.083,0.118,g
2459097.709,2020-09-05.2053412,bq,1.54,17.184,>17.184,99.99,0.045,0.097,g
2459099.051,2020-09-06.5473758,bA,2.02,17.417,>17.417,99.99,0.057,0.078,g
2459100.835,2020-09-08.3319165,bA,1.69,18.423,>18.423,99.99,0.002,0.031,g
2459102.042,2020-09-09.5384583,bA,1.6,18.106,>18.106,99.99,-0.007,0.042,g
2459103.054,2020-09-10.5500401,bA,1.63,18.241,>18.241,99.99,0.052,0.037,g
2459103.83,2020-09-11.3260777,bA,1.96,18.404,>18.404,99.99,-0.029,0.032,g
2459105.825,2020-09-13.3208877,bA,1.99,18.677,>18.677,99.99,-0.036,0.025,g
2459106.843,2020-09-14.3388339,bA,1.66,18.613,>18.613,99.99,0.03,0.026,g
2459108.03,2020-09-15.5261442,bA,1.7,18.813,>18.813,99.99,-0.026,0.022,g
2459108.887,2020-09-16.383225,bA,1.66,18.773,>18.773,99.99,0.043,0.022,g
2459114.931,2020-09-22.4263797,bA,1.64,18.882,>18.882,99.99,0.037,0.02,g
2459117.79,2020-09-25.2862295,bA,2.01,17.68,>17.680,99.99,0.096,0.062,g
2459118.787,2020-09-26.2823384,bA,2.13,17.793,>17.793,99.99,-0.037,0.055,g
2459120.049,2020-09-27.5444340,bA,2.16,18.332,>18.332,99.99,0.032,0.034,g
2459120.821,2020-09-28.3165622,bA,1.99,17.268,>17.268,99.99,0.049,0.09,g
2459121.887,2020-09-29.3821978,bA,1.6,17.661,>17.661,99.99,0.179,0.063,g
2459122.695,2020-09-30.1904601,bq,2.02,17.625,>17.625,99.99,-0.055,0.065,g
2459125.985,2020-10-03.4801656,bA,2.13,17.398,>17.398,99.99,-0.037,0.08,g
2459126.986,2020-10-04.4816649,bA,2.16,17.374,>17.374,99.99,0.119,0.082,g
2459127.823,2020-10-05.3181709,bA,2.05,17.52,>17.520,99.99,0.092,0.071,g
2459128.623,2020-10-06.1181060,bq,1.43,17.864,>17.864,99.99,-0.01,0.052,g
2459128.823,2020-10-06.3180168,bA,2.21,17.853,>17.853,99.99,-0.053,0.052,g
2459129.615,2020-10-07.1100140,bq,1.51,18.027,>18.027,99.99,0.093,0.045,g
2459129.814,2020-10-07.3090983,bA,1.97,18.289,>18.289,99.99,0.021,0.035,g
2459130.798,2020-10-08.2936185,bA,1.67,18.68,>18.680,99.99,-0.001,0.024,g
2459132.034,2020-10-09.5296520,bA,2.07,18.104,>18.104,99.99,-0.094,0.042,g
2459132.824,2020-10-10.3190481,bA,2.11,18.66,>18.660,99.99,0.044,0.025,g
2459137.982,2020-10-15.4774768,bA,1.69,18.743,>18.743,99.99,0.031,0.023,g
2459139.581,2020-10-17.0765555,bq,2.12,18.567,>18.567,99.99,0.03,0.027,g
2459143.712,2020-10-21.2069899,bA,1.97,18.28,>18.280,99.99,0.021,0.035,g
2459143.917,2020-10-21.4117006,bq,1.48,18.279,>18.279,99.99,0.019,0.035,g
2459145.707,2020-10-23.2023407,bA,2.3,17.578,>17.578,99.99,-0.012,0.068,g
2459146.802,2020-10-24.2968219,bA,1.66,18.749,>18.749,99.99,-0.01,0.023,g
2459148.755,2020-10-26.2503175,bA,1.66,17.804,>17.804,99.99,-0.217,0.055,g
2459158.785,2020-11-05.2806032,bq,1.48,17.791,>17.791,99.99,0.047,0.056,g
2459159.893,2020-11-06.3877675,bq,1.44,17.815,>17.815,99.99,0.125,0.054,g
2459161.827,2020-11-08.3224020,bA,2.03,18.905,>18.905,99.99,-0.055,0.02,g
2459163.569,2020-11-10.0638962,bq,1.51,18.231,>18.231,99.99,-0.044,0.037,g
2459166.698,2020-11-13.1930070,bA,2.1,18.627,>18.627,99.99,0.001,0.026,g
2459167.571,2020-11-14.0668856,bq,1.5,18.771,>18.771,99.99,-0.033,0.023,g
2459169.547,2020-11-16.0420565,bq,1.58,18.692,>18.692,99.99,-0.034,0.024,g
2459169.737,2020-11-16.2322744,bA,1.68,19.062,>19.062,99.99,-0.014,0.017,g
2459170.791,2020-11-17.2868856,bA,2.01,18.521,>18.521,99.99,-0.066,0.028,g
2459171.557,2020-11-18.0528710,bq,1.58,18.189,>18.189,99.99,0.132,0.038,g
2459172.552,2020-11-19.0475018,bq,2,18.001,>18.001,99.99,-0.017,0.046,g
2459173.693,2020-11-20.1886934,bq,1.51,18.308,>18.308,99.99,0.014,0.035,g
2459173.914,2020-11-20.4096944,bA,2.09,18.66,>18.660,99.99,-0.062,0.025,g
2459179.552,2020-11-26.0479188,bq,1.62,17.738,>17.738,99.99,-0.119,0.058,g
2459180.876,2020-11-27.3717803,bA,2.08,17.193,>17.193,99.99,-0.069,0.096,g
2459181.895,2020-11-28.3906040,bA,2.08,17.083,>17.083,99.99,-0.087,0.107,g
2459182.868,2020-11-29.3642950,bA,2.04,16.681,>16.681,99.99,0.221,0.154,g
2459184.821,2020-12-01.3168149,bA,1.98,17.383,>17.383,99.99,0.004,0.081,g
2459185.574,2020-12-02.0698739,bq,1.48,17.69,>17.690,99.99,0.047,0.061,g
2459186.865,2020-12-03.3616876,bA,2.04,17.687,>17.687,99.99,0.081,0.061,g
2459188.634,2020-12-05.1300966,bq,1.46,18.162,>18.162,99.99,-0.059,0.039,g
2459188.871,2020-12-05.3669146,bA,2.09,18.098,>18.098,99.99,0.037,0.042,g
2459189.859,2020-12-06.3554336,bA,1.67,18.46,>18.460,99.99,0.036,0.03,g
2459190.603,2020-12-07.0997028,bq,1.48,18.477,>18.477,99.99,-0.044,0.03,g
2459190.731,2020-12-07.2270255,bA,1.65,18.929,>18.929,99.99,0.009,0.019,g
2459193.716,2020-12-10.2123379,bA,2.05,18.826,>18.826,99.99,-0.026,0.021,g
2459195.757,2020-12-12.2542189,bA,2.31,18.82,>18.820,99.99,0.031,0.022,g
2459196.571,2020-12-13.0677983,bq,1.53,18.497,>18.497,99.99,0.088,0.029,g
2459197.596,2020-12-14.0930097,bq,1.59,18.837,>18.837,99.99,0.066,0.021,g
2459200.601,2020-12-17.0980409,bq,1.57,18.52,>18.520,99.99,0.012,0.028,g
2459201.58,2020-12-18.0771973,bq,1.48,18.432,>18.432,99.99,0.052,0.031,g
2459205.707,2020-12-22.2045412,bA,2.3,18.272,>18.272,99.99,0.091,0.036,g
2459206.738,2020-12-23.2355775,bA,1.62,18.023,>18.023,99.99,0.018,0.045,g
2459207.773,2020-12-24.2704773,bA,1.99,17.525,>17.525,99.99,-0.099,0.071,g
2459208.799,2020-12-25.2969620,bA,2.01,17.552,>17.552,99.99,0.085,0.069,g
2459209.796,2020-12-26.2936699,bA,1.99,17.276,>17.276,99.99,-0.115,0.089,g
2459211.812,2020-12-28.3095107,bA,2.11,17.102,>17.102,99.99,0.26,0.105,g
2459212.789,2020-12-29.2867092,bA,2.02,17.123,>17.123,99.99,0.347,0.103,g
2459218.659,2021-01-04.1573240,bq,1.5,18.146,>18.146,99.99,-0.2,0.04,g
2459219.754,2021-01-05.2522223,bA,2.1,18.71,>18.710,99.99,0.047,0.024,g
2459220.7,2021-01-06.1990914,bA,2.37,17.221,>17.221,99.99,0.224,0.094,g
2459221.731,2021-01-07.2302074,bA,2,18.757,>18.757,99.99,-0.01,0.023,g
2459222.602,2021-01-08.1007938,bq,1.5,18.319,>18.319,99.99,0.075,0.034,g
2459225.767,2021-01-11.2659833,bA,2.05,18.605,>18.605,99.99,0.067,0.026,g
2459226.749,2021-01-12.2477900,bA,2.26,18.957,>18.957,99.99,0.019,0.019,g
2459227.745,2021-01-13.2439622,bA,1.71,18.884,>18.884,99.99,-0.069,0.02,g
2459228.745,2021-01-14.2446489,bA,2.01,18.725,>18.725,99.99,-0.019,0.024,g
2459229.727,2021-01-15.2259685,bA,2.1,18.813,>18.813,99.99,-0.078,0.022,g
2459230.738,2021-01-16.2377033,bA,2.06,18.671,>18.671,99.99,-0.039,0.025,g
2459231.735,2021-01-17.2345195,bA,2.06,18.531,>18.531,99.99,0.076,0.028,g
2459232.572,2021-01-18.0721059,bq,1.55,18.72,>18.720,99.99,0.008,0.024,g
2459237.721,2021-01-23.2214018,bA,2.16,17.654,>17.654,99.99,-0.045,0.063,g
2459245.71,2021-01-31.2106212,bA,2.14,17.275,>17.275,99.99,-0.241,0.089,g
2459246.663,2021-02-01.1640068,bq,1.59,17.243,>17.243,99.99,0.158,0.092,g
2459247.615,2021-02-02.1159030,bq,1.51,17.816,>17.816,99.99,-0.052,0.054,g
2459254.597,2021-02-09.0979890,bq,1.44,18.334,>18.334,99.99,0.035,0.034,g
2459255.572,2021-02-10.0733807,bq,1.71,17.89,>17.890,99.99,-0.05,0.051,g
2459256.629,2021-02-11.1309701,bq,1.5,18.058,>18.058,99.99,0.077,0.043,g
2459270.58,2021-02-25.0827464,bq,1.5,17.039,>17.039,99.99,-0.289,0.111,g
2459274.584,2021-03-01.0869650,bq,1.57,17.339,>17.339,99.99,-0.237,0.084,g
2459357.112,2021-05-22.6159927,bA,2.01,17.031,>17.031,99.99,-0.367,0.112,g
2459359.109,2021-05-24.6128724,bA,1.97,17.288,>17.288,99.99,-0.223,0.088,g
2459360.109,2021-05-25.6134768,bA,2.02,16.169,>16.169,99.99,0.217,0.247,g
2459363.095,2021-05-28.5990952,bA,1.99,16.673,>16.673,99.99,0.048,0.156,g
2459364.103,2021-05-29.6071549,bA,1.64,17.018,>17.018,99.99,0.003,0.113,g
2459365.1,2021-05-30.6037605,bA,1.62,17.522,>17.522,99.99,-0.1,0.071,g
2459366.092,2021-05-31.5963234,bA,1.67,17.461,>17.461,99.99,-0.117,0.075,g
2459367.108,2021-06-01.6119988,bA,1.59,17.252,>17.252,99.99,0.057,0.091,g
2459368.09,2021-06-02.5933982,bA,1.68,17.822,>17.822,99.99,0.105,0.054,g
2459369.09,2021-06-03.5935341,bA,1.99,17.893,>17.893,99.99,-0.016,0.051,g
2459370.103,2021-06-04.6064403,bA,2.12,17.925,>17.925,99.99,0.094,0.049,g
2459371.075,2021-06-05.5788206,bA,1.99,18.01,>18.010,99.99,0.025,0.045,g
2459372.087,2021-06-06.5905822,bA,1.72,18.685,>18.685,99.99,-0.027,0.024,g
2459372.924,2021-06-07.4273653,bq,1.49,17.857,>17.857,99.99,-0.14,0.052,g
2459374.076,2021-06-08.5797947,bA,2.09,18.493,>18.493,99.99,0,0.029,g
2459375.077,2021-06-09.5799863,bA,2,18.493,>18.493,99.99,-0.017,0.029,g
2459379.089,2021-06-13.5926206,bA,1.72,18.641,>18.641,99.99,0.061,0.025,g
2459384.046,2021-06-18.5493057,bA,1.6,18.298,>18.298,99.99,0.098,0.035,g
2459385.05,2021-06-19.5529378,bA,1.7,18.476,>18.476,99.99,0.024,0.03,g
2459385.913,2021-06-20.4161208,bq,1.59,18.017,>18.017,99.99,-0.093,0.045,g
2459386.103,2021-06-20.6053932,bA,1.65,18.302,>18.302,99.99,-0.044,0.035,g
2459387.033,2021-06-21.5353331,bA,1.63,17.933,>17.933,99.99,-0.151,0.049,g
2459389.048,2021-06-23.5505067,bA,1.62,17.334,>17.334,99.99,0.168,0.085,g
2459392.03,2021-06-26.5318725,bA,1.68,17.17,>17.170,99.99,0.023,0.098,g
2459393.096,2021-06-27.5985508,bA,1.64,17.587,>17.587,99.99,-0.124,0.067,g
2459395.023,2021-06-29.5254319,bA,1.61,17.439,>17.439,99.99,0.086,0.077,g
2459396.056,2021-06-30.5581356,bA,2.11,17.837,>17.837,99.99,-0.104,0.053,g
2459397.015,2021-07-01.5170303,bA,2.37,18.03,>18.030,99.99,0.044,0.045,g
2459399.035,2021-07-03.5365331,bA,1.98,18.13,>18.130,99.99,0.005,0.041,g
2459401.041,2021-07-05.5426532,bA,2.01,18.142,>18.142,99.99,0.001,0.04,g
2459401.886,2021-07-06.3878650,bq,1.41,17.989,>17.989,99.99,0.13,0.046,g
2459403.995,2021-07-08.4964223,bA,1.7,18.467,>18.467,99.99,0.051,0.03,g
2459404.999,2021-07-09.5002967,bA,1.66,18.45,>18.450,99.99,-0.006,0.03,g
2459405.839,2021-07-10.3401642,bq,1.43,18.181,>18.181,99.99,-0.103,0.039,g
2459407.109,2021-07-11.6097642,bA,1.66,18.458,>18.458,99.99,-0.08,0.03,g
2459408.98,2021-07-13.4805343,bA,1.63,18.573,>18.573,99.99,-0.001,0.027,g
2459410.834,2021-07-15.3346937,bq,1.53,17.927,>17.927,99.99,-0.114,0.049,g
2459411.981,2021-07-16.4813434,bA,1.69,18.584,>18.584,99.99,0.056,0.027,g
2459412.979,2021-07-17.4794004,bA,1.63,18.661,>18.661,99.99,-0.031,0.025,g
2459414.965,2021-07-19.4658798,bA,2.24,18.314,>18.314,99.99,0.077,0.034,g
2459416.004,2021-07-20.5043406,bA,2.11,17.882,>17.882,99.99,0.074,0.051,g
2459419.988,2021-07-24.4882331,bA,2.4,16.836,>16.836,99.99,-0.131,0.134,g
2459422.037,2021-07-26.5364182,bA,1.99,17.507,>17.507,99.99,-0.171,0.072,g
2459427.047,2021-07-31.5460596,bA,1.98,18.077,>18.077,99.99,-0.061,0.043,g
2459427.799,2021-08-01.2983622,bq,1.54,18.424,>18.424,99.99,0.035,0.031,g
2459427.973,2021-08-01.4724009,bA,2.2,18.422,>18.422,99.99,0.061,0.031,g
2459428.948,2021-08-02.4476371,bA,2.07,18.776,>18.776,99.99,-0.066,0.022,g
2459430.09,2021-08-03.5897111,bA,1.68,18.731,>18.731,99.99,0.01,0.023,g
2459430.78,2021-08-04.2790550,bq,1.48,18.026,>18.026,99.99,-0.148,0.045,g
2459431.786,2021-08-05.2846966,bq,1.47,18.175,>18.175,99.99,-0.135,0.039,g
2459432.13,2021-08-05.6287784,bA,2.06,17.556,>17.556,99.99,-0.023,0.069,g
2459432.775,2021-08-06.2741694,bq,1.45,18.022,>18.022,99.99,0.108,0.045,g
2459432.951,2021-08-06.4497315,bA,1.99,18.431,>18.431,99.99,0.015,0.031,g
2459433.764,2021-08-07.2629246,bq,1.5,18.146,>18.146,99.99,0.12,0.04,g
2459433.989,2021-08-07.4878884,bA,1.7,18.884,>18.884,99.99,-0.002,0.02,g
2459434.779,2021-08-08.2776149,bq,1.45,17.974,>17.974,99.99,-0.057,0.047,g
2459434.904,2021-08-08.4033396,bA,1.71,19.257,>19.257,99.99,-0.012,0.014,g
2459435.77,2021-08-09.2691910,bq,1.42,18.37,>18.370,99.99,-0.039,0.033,g
2459435.925,2021-08-09.4238503,bA,1.72,18.647,>18.647,99.99,-0.022,0.025,g
2459436.758,2021-08-10.2568194,bq,1.45,17.909,>17.909,99.99,0.026,0.05,g
2459438.903,2021-08-12.4010710,bA,1.64,18.823,>18.823,99.99,0.016,0.021,g
2459440.897,2021-08-14.3958491,bA,1.97,18.622,>18.622,99.99,-0.032,0.026,g
2459442.889,2021-08-16.3867256,bA,1.66,18.202,>18.202,99.99,0.123,0.038,g
2459444.024,2021-08-17.5224370,bA,1.7,18.613,>18.613,99.99,-0.005,0.026,g
2459444.933,2021-08-18.4307623,bA,1.59,18.27,>18.270,99.99,-0.057,0.036,g
2459445.957,2021-08-19.4549013,bA,2.05,17.649,>17.649,99.99,0.129,0.063,g
2459446.879,2021-08-20.3769038,bA,2.04,17.227,>17.227,99.99,-0.326,0.093,g
2459447.895,2021-08-21.3923922,bA,2.01,17.229,>17.229,99.99,0.005,0.093,g
2459449.075,2021-08-22.5731743,bA,2.03,17.171,>17.171,99.99,-0.003,0.098,g
2459453.037,2021-08-26.5342212,bA,2,17.464,>17.464,99.99,0.069,0.075,g
2459454.71,2021-08-28.2072373,bq,1.5,17.769,>17.769,99.99,-0.014,0.057,g
2459454.898,2021-08-28.3949557,bA,2.03,17.812,>17.812,99.99,0.071,0.054,g
2459455.718,2021-08-29.2153960,bq,1.5,18.013,>18.013,99.99,-0.079,0.045,g
2459456.939,2021-08-30.4357013,bA,1.66,18.511,>18.511,99.99,0.015,0.029,g
2459458.081,2021-08-31.5781609,bA,2.02,18.3,>18.300,99.99,0.139,0.035,g
2459461.111,2021-09-03.6082236,bA,2.04,18.417,>18.417,99.99,-0.014,0.031,g
2459461.844,2021-09-04.3404483,bA,2.05,19.067,>19.067,99.99,-0.023,0.017,g
2459462.702,2021-09-05.1985807,bq,2.19,17.935,>17.935,99.99,0.043,0.049,g
2459462.934,2021-09-05.4309298,bA,1.98,18.593,>18.593,99.99,0.071,0.027,g
2459465.709,2021-09-08.2051785,bq,1.49,17.875,>17.875,99.99,0.164,0.051,g
2459466.674,2021-09-09.1702609,bq,1.45,18.205,>18.205,99.99,-0.126,0.038,g
2459466.852,2021-09-09.3481094,bA,1.64,18.691,>18.691,99.99,0.034,0.024,g
2459467.673,2021-09-10.1692361,bq,1.53,17.852,>17.852,99.99,-0.077,0.053,g
2459467.883,2021-09-10.3790156,bA,1.65,18.859,>18.859,99.99,-0.083,0.021,g
2459470.667,2021-09-13.1629230,bq,1.48,18.28,>18.280,99.99,-0.033,0.035,g
2459470.83,2021-09-13.3267078,bA,1.62,18.713,>18.713,99.99,-0.02,0.024,g
2459475.063,2021-09-17.5594240,bA,1.99,18.312,>18.312,99.99,-0.093,0.034,g
2459476.651,2021-09-19.1472564,bq,1.56,16.695,>16.695,99.99,-0.459,0.152,g
2459476.823,2021-09-19.3194618,bA,2.11,17.767,>17.767,99.99,-0.227,0.057,g
2459480.665,2021-09-23.1613221,bq,1.51,17.328,>17.328,99.99,0.015,0.085,g
2459481.902,2021-09-24.3973126,bA,2.11,17.2,>17.200,99.99,0.13,0.096,g
2459483.054,2021-09-25.5499472,bA,2.49,17.575,>17.575,99.99,-0.242,0.068,g
2459484.069,2021-09-26.5643348,bA,2,17.375,>17.375,99.99,-0.186,0.081,g
2459484.775,2021-09-27.2710408,bA,1.69,18.784,>18.784,99.99,-0.011,0.022,g
2459485.623,2021-09-28.1187241,bq,1.47,18.357,>18.357,99.99,0.118,0.033,g
2459486.622,2021-09-29.1179425,bq,1.48,18.125,>18.125,99.99,0.014,0.041,g
2459487.008,2021-09-29.5034037,bA,2.04,18.332,>18.332,99.99,-0.008,0.034,g
2459487.866,2021-09-30.3613748,bA,1.64,18.249,>18.249,99.99,0.046,0.036,g
2459488.638,2021-10-01.1332625,bq,1.63,18.02,>18.020,99.99,0.048,0.045,g
2459489.769,2021-10-02.2641160,bA,1.66,18.607,>18.607,99.99,0.028,0.026,g
2459490.679,2021-10-03.1748333,bq,1.47,18.347,>18.347,99.99,-0.049,0.033,g
2459490.872,2021-10-03.3670679,bA,1.98,19.086,>19.086,99.99,-0.015,0.017,g
2459491.787,2021-10-04.2822394,bA,1.67,19.332,>19.332,99.99,-0.015,0.013,g
2459492.606,2021-10-05.1014662,bq,1.49,17.923,>17.923,99.99,0.023,0.049,g
2459493.874,2021-10-06.3696637,bA,1.66,18.927,>18.927,99.99,0,0.02,g
2459494.633,2021-10-07.1283979,bq,1.49,18.558,>18.558,99.99,0.023,0.027,g
2459497.853,2021-10-10.3480910,bq,1.46,18.489,>18.489,99.99,-0.002,0.029,g
2459498.601,2021-10-11.0965443,bq,1.68,18.6,>18.600,99.99,0.049,0.026,g
2459498.821,2021-10-11.3167370,bA,1.63,19.16,>19.160,99.99,-0.003,0.016,g
2459500.975,2021-10-13.4697709,bA,2.01,18.873,>18.873,99.99,0.054,0.021,g
2459501.591,2021-10-14.0867101,bq,1.53,18.167,>18.167,99.99,0.032,0.039,g
2459504.733,2021-10-17.2285782,bA,2.01,18.177,>18.177,99.99,0.011,0.039,g
2459505.624,2021-10-18.1191975,bq,1.51,17.689,>17.689,99.99,0.167,0.061,g
2459505.783,2021-10-18.2779759,bA,2.21,17.445,>17.445,99.99,-0.116,0.076,g
2459506.741,2021-10-19.2361060,bq,1.52,17.006,>17.006,99.99,0.175,0.114,g
2459507.566,2021-10-20.061575,bq,2.03,17.016,>17.016,99.99,-0.344,0.113,g
2459509.586,2021-10-22.0809785,bq,1.65,16.937,>16.937,99.99,0.216,0.122,g
2459509.973,2021-10-22.4683167,bA,2.18,17.105,>17.105,99.99,-0.103,0.104,g
2459510.586,2021-10-23.0807201,bq,1.51,17.582,>17.582,99.99,0.041,0.067,g
2459511.581,2021-10-24.0760072,bq,1.45,18.076,>18.076,99.99,-0.068,0.043,g
2459511.874,2021-10-24.3689483,bA,1.63,16.518,>16.518,99.99,0.268,0.179,g
2459512.591,2021-10-25.0863704,bq,1.46,18.298,>18.298,99.99,0.013,0.035,g
2459512.98,2021-10-25.4752489,bA,2.1,17.743,>17.743,99.99,0.028,0.058,g
2459513.606,2021-10-26.1010631,bq,1.49,18.598,>18.598,99.99,-0.009,0.026,g
2459514.575,2021-10-27.0701703,bq,1.48,17.984,>17.984,99.99,0.035,0.046,g
2459514.775,2021-10-27.2702480,bA,1.62,18.424,>18.424,99.99,0.103,0.031,g
2459515.554,2021-10-28.0495567,bq,1.68,17.527,>17.527,99.99,-0.085,0.071,g
2459515.974,2021-10-28.4694738,bA,2.03,17.913,>17.913,99.99,-0.022,0.05,g
2459516.566,2021-10-29.0608406,bq,1.62,18.55,>18.550,99.99,0.034,0.028,g
2459517.571,2021-10-30.0660072,bq,1.51,19.023,>19.023,99.99,0.009,0.018,g
2459518.574,2021-10-31.0693462,bq,1.46,19.117,>19.117,99.99,-0.003,0.016,g
2459519.762,2021-11-01.2567814,bA,1.6,19.025,>19.025,99.99,0.034,0.018,g
2459520.638,2021-11-02.1329253,bq,1.52,18.473,>18.473,99.99,0.077,0.03,g
2459522.841,2021-11-04.3362788,bA,1.67,18.375,>18.375,99.99,0.011,0.032,g
2459523.593,2021-11-05.0880589,bq,1.5,18.036,>18.036,99.99,0.069,0.044,g
2459524.559,2021-11-06.0537518,bq,1.67,18.775,>18.775,99.99,0.008,0.022,g
2459525.547,2021-11-07.0419084,bq,1.76,18.392,>18.392,99.99,0.044,0.032,g
2459525.949,2021-11-07.4439561,bA,2.05,18.695,>18.695,99.99,0.012,0.024,g
2459526.554,2021-11-08.0487988,bq,2.3,18.663,>18.663,99.99,0.092,0.025,g
2459526.752,2021-11-08.2474224,bA,1.65,18.958,>18.958,99.99,-0.029,0.019,g
2459530.755,2021-11-12.2499846,bA,1.66,17.268,>17.268,99.99,-0.047,0.09,g
2459531.571,2021-11-13.0659697,bq,1.48,17.806,>17.806,99.99,0.082,0.055,g
2459533.608,2021-11-15.1033712,bq,1.55,17.864,>17.864,99.99,0.031,0.052,g
2459535.566,2021-11-17.0610769,bq,1.6,17.704,>17.704,99.99,0.05,0.06,g
2459538.58,2021-11-20.0754399,bq,1.66,16.92,>16.920,99.99,0.117,0.124,g
2459539.583,2021-11-21.0791642,bq,1.53,17.478,>17.478,99.99,-0.053,0.074,g
2459540.912,2021-11-22.4073537,bA,2.01,17.608,>17.608,99.99,0.167,0.066,g
2459542.877,2021-11-24.3724913,bA,1.68,17.99,>17.990,99.99,-0.055,0.046,g
2459543.623,2021-11-25.1188521,bq,1.44,17.737,>17.737,99.99,0.087,0.058,g
2459543.915,2021-11-25.4107614,bA,2.06,18.009,>18.009,99.99,-0.084,0.045,g
2459544.848,2021-11-26.3436187,bA,1.68,18.951,>18.951,99.99,0.021,0.019,g
2459546.727,2021-11-28.2226474,bA,1.98,18.996,>18.996,99.99,0.003,0.018,g
2459547.599,2021-11-29.0952437,bq,1.48,18.653,>18.653,99.99,-0.078,0.025,g
2459547.895,2021-11-29.3908606,bA,2.08,18.504,>18.504,99.99,0.06,0.029,g
2459548.733,2021-11-30.2291753,bq,1.47,18.206,>18.206,99.99,0.006,0.038,g
2459551.606,2021-12-03.1018798,bq,1.49,18.143,>18.143,99.99,-0.024,0.04,g
2459552.542,2021-12-04.0379848,bq,1.55,17.721,17.506,0.18,0.361,0.059,g
2459554.68,2021-12-06.1764817,bq,1.52,18.303,>18.303,99.99,-0.094,0.035,g
2459555.573,2021-12-07.0695931,bq,1.59,18.501,>18.501,99.99,-0.023,0.029,g
2459565.735,2021-12-17.2318697,bA,2.18,17.356,>17.356,99.99,-0.182,0.083,g
2459568.583,2021-12-20.0800524,bq,1.57,17.874,>17.874,99.99,0.047,0.051,g
2459569.614,2021-12-21.1111084,bq,1.53,17.719,>17.719,99.99,0.108,0.059,g
2459572.61,2021-12-24.1080754,bq,1.52,18.381,>18.381,99.99,0.005,0.032,g
2459575.548,2021-12-27.0459173,bq,1.52,18.586,>18.586,99.99,0.03,0.027,g
2459585.724,2022-01-06.2223179,bA,2.01,18.443,>18.443,99.99,-0.029,0.03,g
2459586.598,2022-01-07.0965335,bq,1.52,18.434,>18.434,99.99,0.103,0.031,g
2459587.72,2022-01-08.2191450,bA,2.17,18.172,>18.172,99.99,0.109,0.039,g
2459588.732,2022-01-09.2310582,bA,1.98,17.867,>17.867,99.99,-0.053,0.052,g
2459591.752,2022-01-12.2514262,bA,2.02,17.567,>17.567,99.99,0.12,0.068,g
2459593.757,2022-01-14.2564199,bA,2.01,17.236,>17.236,99.99,-0.003,0.093,g
2459594.754,2022-01-15.2529628,bA,2,17.371,>17.371,99.99,0.154,0.082,g
2459595.739,2022-01-16.2380535,bA,2.06,17.557,>17.557,99.99,-0.195,0.069,g
2459596.743,2022-01-17.2422335,bA,1.99,17.354,>17.354,99.99,0.219,0.083,g
2459597.739,2022-01-18.2386178,bA,2.03,17.171,>17.171,99.99,-0.087,0.098,g
2459598.705,2022-01-19.2044886,bA,2.05,17.352,>17.352,99.99,0.019,0.083,g
2459599.717,2022-01-20.2164261,bA,2.12,18.375,>18.375,99.99,0.065,0.032,g
2459600.728,2022-01-21.2283554,bA,1.64,18.682,>18.682,99.99,0.008,0.024,g
2459601.71,2022-01-22.2096084,bA,2.12,17.842,>17.842,99.99,0.073,0.053,g
2459603.706,2022-01-24.2065363,bA,2.07,16.9,>16.900,99.99,0.065,0.126,g
2459604.718,2022-01-25.2184601,bA,2.05,18.297,>18.297,99.99,-0.004,0.035,g
2459605.715,2022-01-26.2150287,bA,2.27,18.054,>18.054,99.99,0.067,0.044,g
2459606.711,2022-01-27.2115467,bA,2.03,17.581,>17.581,99.99,0.204,0.067,g
2459607.708,2022-01-28.2081258,bA,2.15,17.07,>17.070,99.99,-0.084,0.108,g
2459619.63,2022-02-09.1313552,bq,1.45,17.648,>17.648,99.99,0.008,0.063,g
2459620.625,2022-02-10.1267361,bq,1.49,17.564,>17.564,99.99,-0.005,0.068,g
2459621.632,2022-02-11.1337475,bq,1.5,17.103,>17.103,99.99,0.04,0.105,g
2459622.628,2022-02-12.1292563,bq,1.47,17.203,>17.203,99.99,-0.169,0.095,g
2459624.619,2022-02-14.1211508,bq,1.55,17.558,>17.558,99.99,-0.015,0.069,g
2459625.624,2022-02-15.1255149,bq,1.53,16.962,>16.962,99.99,-0.271,0.119,g
2459626.616,2022-02-16.1184018,bq,1.55,16.747,>16.747,99.99,0.019,0.145,g
2459628.564,2022-02-18.0663940,bq,1.56,16.955,>16.955,99.99,0.09,0.12,g
2459629.606,2022-02-19.1083623,bq,1.49,18.26,>18.260,99.99,0.045,0.036,g
2459633.595,2022-02-23.0971740,bq,1.54,18.199,>18.199,99.99,0.053,0.038,g
2459634.592,2022-02-24.0943315,bq,1.62,18.232,>18.232,99.99,0.039,0.037,g
2459637.572,2022-02-27.0747611,bq,1.7,17.293,>17.293,99.99,-0.021,0.088,g
2459643.574,2022-03-05.0775112,bq,1.42,16.403,>16.403,99.99,0.552,0.2,g
2459726.098,2022-05-26.6025988,bA,1.67,17.464,>17.464,99.99,0.106,0.075,g
2459727.11,2022-05-27.6144626,bA,2.02,16.809,>16.809,99.99,0.275,0.137,g
2459730.096,2022-05-30.6001258,bA,1.72,17.986,>17.986,99.99,0.05,0.046,g
2459731.1,2022-05-31.6041109,bA,2.04,17.927,>17.927,99.99,0.005,0.049,g
2459732.098,2022-06-01.6021285,bA,1.7,18.167,>18.167,99.99,-0.008,0.039,g
2459733.097,2022-06-02.6011834,bA,1.65,18.409,>18.409,99.99,0.07,0.031,g
2459734.086,2022-06-03.5899189,bA,1.72,18.522,>18.522,99.99,-0.035,0.028,g
2459735.09,2022-06-04.5940395,bA,1.67,18.455,>18.455,99.99,0.007,0.03,g
2459736.087,2022-06-05.5902796,bA,1.99,18.439,>18.439,99.99,-0.045,0.031,g
2459740.077,2022-06-09.5799658,bA,1.67,18.459,>18.459,99.99,-0.001,0.03,g
2459751.042,2022-06-20.5449598,bA,1.65,17.618,>17.618,99.99,-0.053,0.065,g
2459752.08,2022-06-21.5826443,bA,1.66,17.678,>17.678,99.99,0.117,0.062,g
2459754.1,2022-06-23.6024291,bA,1.63,18.413,>18.413,99.99,-0.009,0.031,g
2459755.088,2022-06-24.5906399,bA,1.68,18.214,>18.214,99.99,0.05,0.038,g
2459758.03,2022-06-27.5320804,bA,1.61,18.397,>18.397,99.99,-0.066,0.032,g
2459759.097,2022-06-28.5987435,bA,2.04,18.597,>18.597,99.99,0.002,0.026,g
2459761.027,2022-06-30.5287434,bA,2.05,18.489,>18.489,99.99,0.036,0.029,g
2459761.874,2022-07-01.3755583,bq,1.54,18.362,>18.362,99.99,0.042,0.033,g
2459766.011,2022-07-05.5125001,bA,1.66,18.419,>18.419,99.99,-0.021,0.031,g
2459767.109,2022-07-06.6104935,bA,1.71,18.16,>18.160,99.99,-0.05,0.04,g
2459768.097,2022-07-07.5987679,bA,1.99,17.767,>17.767,99.99,-0.031,0.057,g
2459768.864,2022-07-08.3649162,bq,1.47,17.903,>17.903,99.99,-0.014,0.05,g
2459769.839,2022-07-09.3401109,bq,1.47,17.92,>17.920,99.99,0.025,0.049,g
2459770.853,2022-07-10.3539672,bq,1.5,17.767,>17.767,99.99,-0.013,0.057,g
2459773.082,2022-07-12.5828430,bA,1.99,17.352,>17.352,99.99,0.075,0.083,g
2459773.835,2022-07-13.3358910,bq,1.7,15.67,>15.670,99.99,0.524,0.392,g
2459775.097,2022-07-14.5981399,bA,2.05,17.226,>17.226,99.99,0.018,0.094,g
2459776.016,2022-07-15.5169665,bA,2,16.97,>16.970,99.99,-0.294,0.118,g
2459777.011,2022-07-16.5117682,bA,1.96,17.213,>17.213,99.99,0.057,0.095,g
2459781.816,2022-07-21.3165210,bq,1.47,17.331,>17.331,99.99,-0.275,0.085,g
2459783.973,2022-07-23.4734645,bA,1.73,18.594,>18.594,99.99,0.018,0.027,g
2459786.07,2022-07-25.5697162,bA,1.65,18.635,>18.635,99.99,0.001,0.026,g
2459786.813,2022-07-26.3133567,bq,1.44,18.05,>18.050,99.99,-0.075,0.044,g
2459788.029,2022-07-27.5287101,bA,1.65,18.852,>18.852,99.99,-0.023,0.021,g
2459788.816,2022-07-28.3159025,bq,1.41,18.518,>18.518,99.99,-0.027,0.028,g
2459789.809,2022-07-29.3082634,bq,1.49,18.373,>18.373,99.99,0.062,0.032,g
2459790.802,2022-07-30.3018631,bq,1.66,18.166,>18.166,99.99,-0.073,0.039,g
2459791.971,2022-07-31.4706928,bA,2.13,18.56,>18.560,99.99,0.029,0.027,g
2459792.785,2022-08-01.2847581,bq,1.43,18.484,>18.484,99.99,0.108,0.029,g
2459793.786,2022-08-02.2854372,bq,1.48,17.966,>17.966,99.99,0.079,0.047,g
2459794.778,2022-08-03.2773707,bq,1.44,18.299,>18.299,99.99,-0.066,0.035,g
2459796.783,2022-08-05.2819760,bq,1.49,18.183,>18.183,99.99,0.016,0.039,g
2459799.958,2022-08-08.4571559,bA,1.66,17.29,>17.290,99.99,-0.167,0.088,g
2459800.776,2022-08-09.2745221,bq,1.48,17.147,>17.147,99.99,-0.121,0.1,g
2459801.01,2022-08-09.5086493,bA,1.68,17.518,>17.518,99.99,-0.011,0.071,g
2459801.762,2022-08-10.2607013,bq,1.49,17.031,>17.031,99.99,0.063,0.112,g
2459802.774,2022-08-11.2728134,bq,1.51,16.639,>16.639,99.99,0.248,0.161,g
2459802.927,2022-08-11.4252425,bA,2.07,16.9,>16.900,99.99,-0.285,0.126,g
2459805.757,2022-08-14.2556210,bq,1.48,17.059,>17.059,99.99,-0.307,0.109,g
2459806.75,2022-08-15.2486747,bq,1.51,17.446,>17.446,99.99,-0.077,0.076,g
2459807.129,2022-08-15.6277231,bA,2.03,17.444,>17.444,99.99,-0.009,0.076,g
2459811.001,2022-08-19.4992717,bA,1.62,18.234,>18.234,99.99,-0.01,0.037,g
2459813.091,2022-08-21.5889099,bA,1.97,17.815,>17.815,99.99,0.02,0.054,g
2459813.874,2022-08-22.3716771,bA,2,18.927,>18.927,99.99,-0.013,0.02,g
2459818.05,2022-08-26.5473848,bA,2.09,18.669,>18.669,99.99,-0.045,0.025,g
2459818.973,2022-08-27.4709075,bA,1.68,18.47,>18.470,99.99,0.077,0.03,g
2459820.71,2022-08-29.2068832,bq,1.51,18.476,>18.476,99.99,-0.006,0.03,g
2459821.122,2022-08-29.6192796,bA,1.99,18.432,>18.432,99.99,0.022,0.031,g
2459822.853,2022-08-31.3502944,bA,2,18.724,>18.724,99.99,0.039,0.024,g
2459827.689,2022-09-05.1854465,bq,1.43,17.463,>17.463,99.99,0.266,0.075,g
2459828.118,2022-09-05.6146616,bA,2.03,18.447,>18.447,99.99,-0.042,0.03,g
2459828.684,2022-09-06.1809354,bq,1.49,17.529,>17.529,99.99,0.031,0.071,g
2459829.843,2022-09-07.3397423,bA,2.22,18.21,>18.210,99.99,0.038,0.038,g
2459830.692,2022-09-08.1886299,bq,1.48,16.996,>16.996,99.99,-0.168,0.116,g
2459830.966,2022-09-08.4630969,bA,2.01,17.481,>17.481,99.99,0.277,0.074,g
2459833.078,2022-09-10.5742105,bA,2.09,17.124,>17.124,99.99,0.21,0.103,g
2459835.671,2022-09-13.1669918,bq,1.56,16.694,>16.694,99.99,0.048,0.153,g
2459838.033,2022-09-15.5294653,bA,1.61,17.549,>17.549,99.99,-0.011,0.069,g
2459838.653,2022-09-16.1489167,bq,1.5,18.394,>18.394,99.99,0.063,0.032,g
2459839.66,2022-09-17.1562096,bq,1.42,18.517,>18.517,99.99,0.041,0.028,g
2459840.055,2022-09-17.5515232,bA,1.68,17.965,>17.965,99.99,0.124,0.047,g
2459840.651,2022-09-18.1468395,bq,1.51,18.305,>18.305,99.99,-0.068,0.035,g
2459841.074,2022-09-18.5696814,bA,1.99,18.068,>18.068,99.99,0.107,0.043,g
2459842.088,2022-09-19.5844350,bA,1.71,18.396,>18.396,99.99,-0.025,0.032,g
2459843.073,2022-09-20.5690856,bA,1.68,18.42,>18.420,99.99,-0.089,0.031,g
2459843.644,2022-09-21.1403115,bq,1.48,18.857,>18.857,99.99,0.014,0.021,g
2459844.084,2022-09-21.5803730,bA,2.01,18.191,>18.191,99.99,-0.137,0.038,g
2459844.651,2022-09-22.1469236,bq,1.5,18.142,>18.142,99.99,-0.022,0.04,g
2459844.888,2022-09-22.3837109,bA,1.64,18.809,>18.809,99.99,-0.075,0.022,g
2459845.642,2022-09-23.1380378,bq,1.47,18.189,>18.189,99.99,-0.089,0.039,g
2459845.832,2022-09-23.3274962,bA,1.63,18.598,>18.598,99.99,0.06,0.026,g
2459846.634,2022-09-24.1300758,bq,1.51,18.815,>18.815,99.99,-0.006,0.022,g
2459847.635,2022-09-25.1303789,bq,1.47,18.34,>18.340,99.99,-0.001,0.034,g
2459848.63,2022-09-26.1260813,bq,1.56,18.01,>18.010,99.99,0.18,0.045,g
2459848.999,2022-09-26.4948640,bA,1.97,18.532,>18.532,99.99,-0.049,0.028,g
2459849.628,2022-09-27.1236128,bq,1.59,18.679,>18.679,99.99,-0.015,0.025,g
2459850.638,2022-09-28.1338987,bq,1.44,18.721,>18.721,99.99,-0.017,0.024,g
2459851.06,2022-09-28.5554805,bA,1.7,18.468,>18.468,99.99,-0.035,0.03,g
2459852.797,2022-09-30.2924565,bA,2,18.535,>18.535,99.99,0.041,0.028,g
2459853.657,2022-10-01.1526113,bq,2.02,18.256,>18.256,99.99,0.001,0.036,g
2459854.612,2022-10-02.1079413,bq,1.46,17.976,>17.976,99.99,-0.024,0.047,g
2459855.048,2022-10-02.5434135,bA,1.65,18.313,>18.313,99.99,0.065,0.034,g
2459855.642,2022-10-03.1371015,bq,1.46,18.408,>18.408,99.99,-0.047,0.031,g
2459857.003,2022-10-04.4987252,bA,2.05,18.669,>18.669,99.99,0,0.025,g
2459858.759,2022-10-06.2543034,bA,1.99,17.237,>17.237,99.99,-0.077,0.093,g
2459865.674,2022-10-13.1688812,bq,1.57,16.826,>16.826,99.99,-0.66,0.135,g
2459866.791,2022-10-14.2857930,bq,1.5,17.136,>17.136,99.99,0.199,0.102,g
2459869.008,2022-10-16.5029348,bA,1.59,17.82,>17.820,99.99,0.02,0.054,g
2459870.889,2022-10-18.3839406,bA,1.69,18.713,>18.713,99.99,0.022,0.024,g
2459872.967,2022-10-20.4617050,bA,2.07,18.621,>18.621,99.99,0.022,0.026,g
2459874.029,2022-10-21.5237148,bA,1.7,18.644,>18.644,99.99,0.06,0.025,g
2459876.6,2022-10-24.0948746,bq,1.47,18.226,>18.226,99.99,-0.144,0.037,g
2459876.96,2022-10-24.4554189,bA,2.09,18.523,>18.523,99.99,0.02,0.028,g
2459880.582,2022-10-28.0774054,bq,1.5,18.41,>18.410,99.99,0.006,0.031,g
2459880.969,2022-10-28.4638204,bA,2.1,18.392,>18.392,99.99,0.026,0.032,g
2459882.812,2022-10-30.3067231,bq,1.49,18.337,>18.337,99.99,0.066,0.034,g
2459884.733,2022-11-01.2284696,bq,1.49,18.305,>18.305,99.99,0.036,0.035,g
2459885.806,2022-11-02.3013246,bq,1.48,18.391,>18.391,99.99,0.007,0.032,g
2459886.798,2022-11-03.2935093,bq,1.48,17.596,>17.596,99.99,0.061,0.066,g
2459887.745,2022-11-04.2399931,bq,1.48,17.707,>17.707,99.99,-0.064,0.06,g
2459888.755,2022-11-05.2500613,bq,1.65,17.454,>17.454,99.99,0.112,0.076,g
2459892.953,2022-11-09.4487549,bA,2.18,16.821,>16.821,99.99,-0.366,0.136,g
2459893.815,2022-11-10.3108113,bq,1.58,16.931,>16.931,99.99,-0.13,0.123,g
2459894.745,2022-11-11.2399747,bq,1.5,17.385,>17.385,99.99,0.178,0.081,g
2459897.592,2022-11-14.0871394,bq,2.24,18.355,>18.355,99.99,0.03,0.033,g
2459899.852,2022-11-16.3478208,bA,2.19,18.357,>18.357,99.99,0.052,0.033,g
2459902.617,2022-11-19.1122432,bq,1.57,18.326,>18.326,99.99,-0.006,0.034,g
2459906.88,2022-11-23.3757178,bA,2.02,18.685,>18.685,99.99,0.001,0.024,g
2459907.651,2022-11-24.1470075,bq,1.48,18.424,>18.424,99.99,0.054,0.031,g
2459914.839,2022-12-01.3354372,bA,1.99,18.025,>18.025,99.99,-0.16,0.045,g
2459915.765,2022-12-02.2613384,bA,1.96,18.601,>18.601,99.99,-0.009,0.026,g
2459916.696,2022-12-03.1920910,bA,2.04,16.845,>16.845,99.99,0.282,0.133,g
2459917.696,2022-12-04.1923409,bA,2.14,16.921,>16.921,99.99,0.001,0.124,g
2459923.845,2022-12-10.3413686,bA,2.34,16.85,>16.850,99.99,-0.111,0.132,g
2459926.862,2022-12-13.3589871,bA,2.06,17.911,>17.911,99.99,0.027,0.05,g
2459927.593,2022-12-14.0897548,bq,1.53,18.957,>18.957,99.99,0.028,0.019,g
2459928.729,2022-12-15.2255083,bA,2.02,18.941,>18.941,99.99,0.011,0.019,g
2459960.77,2023-01-16.2695152,bA,1.7,18.494,>18.494,99.99,-0.026,0.029,g
2459964.705,2023-01-20.2047895,bA,2.11,17.08,>17.080,99.99,-0.111,0.107,g
2459965.717,2023-01-21.2167041,bA,2.04,18.306,>18.306,99.99,-0.042,0.035,g
2459966.706,2023-01-22.2056261,bA,2.13,17.222,>17.222,99.99,-0.071,0.094,g
2459967.751,2023-01-23.2509790,bA,1.65,18.572,>18.572,99.99,-0.006,0.027,g
2459968.728,2023-01-24.2284553,bA,1.68,18.552,>18.552,99.99,0.014,0.028,g
2459969.739,2023-01-25.2395546,bA,1.99,18.388,>18.388,99.99,0.062,0.032,g
2459979.656,2023-02-04.1573321,bq,1.65,15.84,>15.840,99.99,0.697,0.335,g
2459984.627,2023-02-09.1283195,bq,1.45,18.174,>18.174,99.99,0.067,0.039,g
2459988.626,2023-02-13.1281908,bq,1.68,17.854,>17.854,99.99,-0.02,0.052,g
2459998.599,2023-02-23.1014263,bq,2.1,18.111,>18.111,99.99,0.053,0.041,g
2459999.582,2023-02-24.0842961,bq,2.37,18.03,>18.030,99.99,-0.001,0.045,g
2460007.574,2023-03-04.0770131,bq,2.04,16.05,>16.050,99.99,1.057,0.276,g
2460118.043,2023-06-22.5452710,bA,2,18.128,>18.128,99.99,0.085,0.041,g
2460121.033,2023-06-25.5349836,bA,2.01,18.682,>18.682,99.99,-0.009,0.024,g
2460123.034,2023-06-27.5357604,bA,2.05,18.494,>18.494,99.99,0.07,0.029,g
2460124.032,2023-06-28.5342332,bA,2.03,18.242,>18.242,99.99,0.052,0.037,g
2460125.043,2023-06-29.5449800,bA,2.06,18.441,>18.441,99.99,0.111,0.031,g
2460126.025,2023-06-30.5273850,bA,1.67,17.744,>17.744,99.99,-0.045,0.058,g
2460127.025,2023-07-01.5270964,bA,1.63,17.229,>17.229,99.99,0.265,0.093,g
2460128.022,2023-07-02.5239898,bA,2.07,16.682,>16.682,99.99,0.004,0.154,g
2460130.006,2023-07-04.5075766,bA,2.1,16.936,>16.936,99.99,-0.007,0.122,g
2460133.004,2023-07-07.5057373,bA,2.06,17.718,>17.718,99.99,-0.08,0.059,g
2460134.997,2023-07-09.4984156,bA,2.03,17.841,>17.841,99.99,-0.17,0.053,g
2460136.086,2023-07-10.5870432,bA,1.65,17.989,>17.989,99.99,-0.005,0.046,g
2460137.987,2023-07-12.4883464,bA,1.99,18.247,>18.247,99.99,-0.019,0.036,g
2460139.117,2023-07-13.6179092,bA,2.41,17.443,>17.443,99.99,-0.146,0.077,g
2460139.976,2023-07-14.4769105,bA,2.11,18.351,>18.351,99.99,-0.002,0.033,g
2460141.985,2023-07-16.4854305,bA,2.01,18.303,>18.303,99.99,-0.055,0.035,g
2460146.977,2023-07-21.4774824,bA,2,18.159,>18.159,99.99,-0.01,0.04,g
2460147.965,2023-07-22.4651114,bA,1.67,18.597,>18.597,99.99,0.025,0.026,g
2460148.96,2023-07-23.4601134,bA,2.01,18.615,>18.615,99.99,-0.026,0.026,g
2460149.96,2023-07-24.4596246,bA,1.65,18.426,>18.426,99.99,-0.003,0.031,g
2460150.952,2023-07-25.4522476,bA,1.65,18.982,>18.982,99.99,0.069,0.019,g
2460152.952,2023-07-27.4514484,bA,2.08,18.308,>18.308,99.99,0.087,0.035,g
2460153.951,2023-07-28.4509965,bA,2.01,17.768,>17.768,99.99,0.101,0.057,g
2460154.947,2023-07-29.4468666,bA,1.65,17.488,>17.488,99.99,0.189,0.073,g
2460155.944,2023-07-30.4431615,bA,2.01,17.179,>17.179,99.99,-0.002,0.098,g
2460159.044,2023-08-02.5432733,bA,1.98,17.368,>17.368,99.99,-0.137,0.082,g
2460160.923,2023-08-04.4223142,bA,2.05,16.884,>16.884,99.99,0.086,0.128,g
2460162.047,2023-08-05.5462854,bA,1.99,17.442,>17.442,99.99,0.089,0.077,g
2460163.036,2023-08-06.5349876,bA,2,17.776,>17.776,99.99,0.118,0.056,g
2460170.896,2023-08-14.3945043,bA,1.69,18.217,>18.217,99.99,0.006,0.038,g
2460172.074,2023-08-15.5726270,bA,2.03,18.821,>18.821,99.99,-0.013,0.022,g
2460177.888,2023-08-21.3863399,bA,1.68,18.183,>18.183,99.99,-0.002,0.039,g
2460178.895,2023-08-22.3928046,bA,1.66,18.804,>18.804,99.99,0.009,0.022,g
2460180.888,2023-08-24.3860142,bA,1.65,18.147,>18.147,99.99,0.061,0.04,g
2460182.013,2023-08-25.5101262,bA,1.96,18.564,>18.564,99.99,0.036,0.027,g
2460182.936,2023-08-26.4337478,bA,2.17,17.595,>17.595,99.99,0.077,0.067,g
2460185.076,2023-08-28.5738211,bA,2.11,18.481,>18.481,99.99,-0.016,0.029,g
2460187.967,2023-08-31.4645288,bA,2.45,17.173,>17.173,99.99,0.064,0.098,g
2460191.843,2023-09-04.3397216,bA,1.69,17.565,>17.565,99.99,-0.129,0.068,g
2460194.951,2023-09-07.4477258,bA,1.67,18.434,>18.434,99.99,-0.017,0.031,g
2460196.965,2023-09-09.4614196,bA,1.63,18.247,>18.247,99.99,0.068,0.036,g
2460197.905,2023-09-10.4012799,bA,1.69,18.771,>18.771,99.99,0.006,0.023,g
2460199.839,2023-09-12.3353200,bA,2,18.126,>18.126,99.99,0.11,0.041,g
2460200.846,2023-09-13.3421613,bA,1.66,18.466,>18.466,99.99,-0.002,0.03,g
2460201.912,2023-09-14.4082390,bA,1.64,18.597,>18.597,99.99,-0.001,0.026,g
2460202.887,2023-09-15.3827968,bA,1.99,18.54,>18.540,99.99,0.105,0.028,g