field,ccdid,qid,filter,pid,infobitssci,sciinpseeing,scibckgnd,scisigpix,zpmaginpsci,zpmaginpsciunc,zpmaginpscirms,clrcoeff,clrcoeffunc,ncalmatches,exptime,adpctdif1,adpctdif2,diffmaglim,zpdiff,programid,jd,rfid,forcediffimflux,forcediffimfluxunc,forcediffimsnr,forcediffimchisq,forcediffimfluxap,forcediffimfluxuncap,forcediffimsnrap,aperturecorr,dnearestrefsrc,nearestrefmag,nearestrefmagunc,nearestrefchi,nearestrefsharp,refjdstart,refjdend,procstatus,mag,mag_err_lower,mag_err_upper
679,14,3,ZTF_r,1671207755515,0,1.5692,158.569,6.20967,26.2172,3.0832e-06,0.0205386,0.099229,5.68801e-06,787,30.0,0.059731,0.06782,20.6093,26.2172,1,2459425.7077546,679120255,20.5859440279129,24.6992640203885,0.927132011057898,1.03413421201784,50.9902036946642,49.3863612084136,1.03942919450237,1.04424586449195,3.11568112611726,21.5409997940063,0.131999999284744,1.94500005245209,0.293999999761581,2458158.965289,2458218.966042,0,22.933273030955448,,22.07730908172633
679,14,3,ZTF_g,1671223315515,0,1.8564,93.9582,5.42323,26.2711,4.3082e-06,0.0246195,-0.044807,7.9684e-06,796,30.0,0.059921,0.065528,20.6949,26.2711,1,2459425.7233102,679120155,18.9714782407744,23.8780548863164,0.88380616569848,0.942654630779001,47.2892881650371,44.2427632262331,1.07605811142883,1.05702897408201,2.78947773508587,21.6670000076294,0.162000000476837,1.49199998378754,0.46399998664856,2458203.915127,2458228.964259,0,23.075847069879178,,22.191234764073826
679,14,3,ZTF_i,1671275825515,0,1.6486,363.793,6.05673,25.3016,3.5124e-06,0.032783,0.178755,1.87824e-05,798,30.0,0.066609,0.083387,19.6407,25.3016,2,2459425.7758218,679120355,35.5386720373157,23.8249009199218,1.65929992475309,0.943319892094691,34.3202483229618,47.094972541891,0.733653621717176,1.03559373866893,2.50569037666586,21.9959999656677,0.324999988079071,0.908999979496002,-0.580999970436096,2458227.895289,2458268.838495,0,21.424847010941384,22.62985816543294,20.867799919385146
679,14,3,ZTF_g,1672222175515,0,1.6772,80.9041,5.38648,26.1086,5.2791e-06,0.0269547,-0.044234,9.90543e-06,780,30.0,0.061513,0.068973,20.559,26.1086,3,2459426.7221759,679120155,22.366619367902,24.5824489472587,1.01211532836719,0.870862774765156,32.146245473134,47.3902504562438,0.682898950192465,1.0522192708152,2.78947773508587,21.6670000076294,0.162000000476837,1.49199998378754,0.46399998664856,2458203.915127,2458228.964259,0,22.734599132384226,,21.92953255426674
679,14,3,ZTF_r,1673215525515,0,1.6098,159.117,6.23538,26.2218,3.2742e-06,0.0212355,0.0985857,6.05624e-06,789,30.0,0.060963,0.069084,20.5964,26.2218,1,2459427.7155208,679120255,17.6733500957117,26.4502546224837,0.743265243035157,0.910237795427701,54.6343512272702,51.8903720353351,1.05997152397971,1.04842109627795,3.11568112611726,21.5409997940063,0.131999999284744,1.94500005245209,0.293999999761581,2458158.965289,2458218.966042,0,23.103502798533984,,22.110122536745106
679,14,3,ZTF_g,1673261975515,0,1.719,90.6958,5.82378,26.2298,4.7294e-06,0.0256713,-0.0374165,8.77936e-06,793,30.0,0.063614,0.068278,20.6024,26.2298,1,2459427.7619792,679120155,10.419152208976,25.7254206196431,0.45053102084061,0.963233333891881,38.0609114786938,48.7575609727478,0.78587306548723,1.05541621778047,2.78947773508587,21.6670000076294,0.162000000476837,1.49199998378754,0.46399998664856,2458203.915127,2458228.964259,0,23.685219043748315,,22.334692258892325
679,14,3,ZTF_r,1674206575515,0,1.8428,159.594,5.87273,26.2272,3.3086e-06,0.0213957,0.0971887,6.09684e-06,794,30.0,0.061093,0.068916,20.5513,26.2272,2,2459428.7065741,679120255,37.3871564141305,26.8926436333539,1.54647797499901,0.98543733779775,60.5686299363632,51.2501048571437,1.18978416363758,1.04883891608409,3.11568112611726,21.5409997940063,0.131999999284744,1.94500005245209,0.293999999761581,2458158.965289,2458218.966042,0,22.295393912710512,23.67479429802361,21.707013707121188
679,14,3,ZTF_g,1674214125515,0,1.8455,94.1638,5.23657,26.271,5.2724e-06,0.0270408,-0.0406883,9.81857e-06,785,30.0,0.058803,0.066172,20.721,26.271,2,2459428.7141204,679120155,51.5108460433249,22.8962120979602,2.50259080546495,0.987426400849551,120.34195333225,41.4639815538119,2.92187240037657,1.06530291227517,2.78947773508587,21.6670000076294,0.162000000476837,1.49199998378754,0.46399998664856,2458203.915127,2458228.964259,0,21.991253292405425,22.629529513653793,21.59196466495175
679,14,3,ZTF_g,1675275125515,0,2.1463,93.2065,5.81454,26.254,5.7387e-06,0.0281839,-0.0182988,1.07228e-05,788,30.0,0.062324,0.070125,20.5158,26.254,1,2459429.7751273,679120155,10.9627150309867,27.3633957790667,0.445659259253409,1.02570845688929,44.838010637957,47.209736604628,0.956158633067427,1.07440370737797,2.78947773508587,21.6670000076294,0.162000000476837,1.49199998378754,0.46399998664856,2458203.915127,2458228.964259,0,23.654204687404537,,22.29526312271133
679,14,3,ZTF_i,1676184665515,0,1.4309,455.922,5.67869,25.5506,1.6193e-06,0.0223618,0.185611,8.4028e-06,793,30.0,0.066846,0.087885,19.9863,25.5506,2,2459430.6846644,679120355,35.5843209004607,22.3669864414943,1.76972590742579,0.946125821427754,65.1421052044633,45.012226595145,1.45695616483975,1.0366124681863,2.50569037666586,21.9959999656677,0.324999988079071,0.908999979496002,-0.580999970436096,2458227.895289,2458268.838495,0,21.67245329483971,22.747740300568452,21.142941905506667
679,14,3,ZTF_r,1676214285515,0,1.4515,160.821,5.73943,26.2321,2.9839e-06,0.0203041,0.101351,5.49896e-06,790,30.0,0.060523,0.076153,20.7308,26.2321,2,2459430.7142824,679120255,-35.5597741957697,21.5040380015678,-1.83947452138396,0.956430421071933,-12.7694557572119,43.4986594501992,-0.295536895594316,1.0435287770588,3.11568112611726,21.5409997940063,0.131999999284744,1.94500005245209,0.293999999761581,2458158.965289,2458218.966042,0,,,
679,14,3,ZTF_g,1676276555515,0,1.7652,92.2854,5.47952,26.2592,3.8126e-06,0.0232028,-0.0374857,7.13822e-06,797,30.0,0.05863,0.067986,20.6682,26.2592,2,2459430.7765509,679120155,23.7285395618154,23.6909194432753,1.11415058922132,0.963086064517032,-18.4218137867988,43.9318072541233,-0.422151669182915,1.06081868131634,2.78947773508587,21.6670000076294,0.162000000476837,1.49199998378754,0.46399998664856,2458203.915127,2458228.964259,0,22.821022477019124,29.820649600829693,22.06930851267463
679,14,3,ZTF_r,1680187035515,0,1.4016,163.071,6.01914,26.2464,3.3745e-06,0.0216855,0.0998782,6.23561e-06,798,30.0,0.061729,0.083171,20.7228,26.2464,1,2459434.687037,679120255,434.941687771278,22.485727698088,21.5168597676713,1.19308202940495,404.675841209243,41.0715455069081,9.91930912885301,1.0372221174413,3.11568112611726,21.5409997940063,0.131999999284744,1.94500005245209,0.293999999761581,2458158.965289,2458218.966042,0,19.650322411502568,19.70795604092614,19.595594524824605
679,14,3,ZTF_g,1680236745515,0,1.6285,95.2682,5.42754,26.2781,4.799e-06,0.0259534,-0.0349472,8.91659e-06,790,30.0,0.064419,0.073344,20.733,26.2781,1,2459434.7367477,679120155,634.813459683413,27.4178234694278,25.7553793847029,1.09454628859245,614.766700561092,46.3342226704435,13.3574527420467,1.06099787181512,2.78947773508587,21.6670000076294,0.162000000476837,1.49199998378754,0.46399998664856,2458203.915127,2458228.964259,0,19.271484684139757,19.319420831402443,19.22557576864066
679,14,3,ZTF_i,1681179985515,0,1.2861,443.025,5.27269,25.5177,2.5239e-06,0.027661,0.186487,1.33547e-05,783,30.0,0.069384,0.106399,20.0766,25.5177,2,2459435.6799884,679120355,498.433719440084,20.5697952367953,26.9545600435471,1.25116633144837,471.907857673623,36.6006046223488,12.9802824064862,1.03115567270811,2.50569037666586,21.9959999656677,0.324999988079071,0.908999979496002,-0.580999970436096,2458227.895289,2458268.838495,0,18.773681462464285,18.819439387031494,18.7297742527796
679,14,3,ZTF_g,1681193215515,0,1.5676,93.0808,5.18052,26.2576,4.5495e-06,0.0251343,-0.047465,8.44177e-06,786,30.0,0.062164,0.078301,20.7536,26.2576,2,2459435.6932176,679120155,1478.72513417083,30.9853768679629,53.086668671979,1.83830325148173,1423.46966692616,47.4981300249964,30.170804961752,1.05134901180042,2.78947773508587,21.6670000076294,0.162000000476837,1.49199998378754,0.46399998664856,2458203.915127,2458228.964259,0,18.33288136319354,18.355873747496712,18.310365803143686
679,14,3,ZTF_r,1681237485515,0,1.4557,154.054,5.84111,26.1844,4.3094e-06,0.0244863,0.101271,8.00625e-06,793,30.0,0.061142,0.09078,20.6852,26.1844,2,2459435.7374884,679120255,1188.29546646438,27.4615606791984,48.1342297031758,2.0409645248484,1081.25298854734,43.8749572469205,24.8099453068162,1.04124772943537,3.11568112611726,21.5409997940063,0.131999999284744,1.94500005245209,0.293999999761581,2458158.965289,2458218.966042,0,18.497088899437983,18.52247478864074,18.472283028765368
679,14,3,ZTF_r,1682205255515,0,1.5569,153.113,6.39561,26.1801,3.7452e-06,0.0227711,0.0989906,6.86737e-06,789,30.0,0.058737,0.080256,20.56,26.1801,1,2459436.7052546,679120255,1379.21821347241,30.2826005804899,50.6634332047995,2.11774345418738,1265.21795741635,48.3039232963074,26.3692716084435,1.04137730802071,3.11568112611726,21.5409997940063,0.131999999284744,1.94500005245209,0.293999999761581,2458158.965289,2458218.966042,0,18.33101754085189,18.355121948713297,18.30743667241713
679,14,3,ZTF_g,1682248285515,0,2.014,83.5527,6.20413,26.142,5.5363e-06,0.0275789,-0.0355336,1.0259e-05,776,30.0,0.065102,0.070837,20.4073,26.142,1,2459436.748287,679120155,1399.80961697731,33.5609895078834,46.3969056326592,1.39124659850366,1443.34797823417,50.7651222802145,28.623372596047,1.06596893831904,2.78947773508587,21.6670000076294,0.162000000476837,1.49199998378754,0.46399998664856,2458203.915127,2458228.964259,0,18.276827567801917,18.303175653333422,18.251103764163496
679,14,3,ZTF_g,1685180465515,0,1.9053,78.3257,6.00198,26.0702,6.0193e-06,0.0286867,-0.0389372,1.1452e-05,772,30.0,0.060638,0.066625,20.3781,26.0702,1,2459439.680463,679120155,782.855407683226,30.2742252710554,28.7649298192048,1.23357931978883,786.34952339144,49.6525302417619,15.9437118072221,1.06504970962721,2.78947773508587,21.6670000076294,0.162000000476837,1.49199998378754,0.46399998664856,2458203.915127,2458228.964259,0,18.835996110321545,18.87881661251822,18.794800529038312
679,14,3,ZTF_r,1685207605515,0,1.9912,138.968,7.42347,26.072,4.4887e-06,0.0250326,0.105451,8.2512e-06,799,30.0,0.066433,0.07739,20.0796,26.072,1,2459439.7076042,679120255,859.258213275203,37.5845677570479,25.4313217899553,1.11419344913267,866.821824570617,63.2471690965318,13.7976123184218,1.05737372268991,3.11568112611726,21.5409997940063,0.131999999284744,1.94500005245209,0.293999999761581,2458158.965289,2458218.966042,0,18.73669076984751,18.78525160607084,18.690209208205182
679,14,3,ZTF_i,1686173285515,0,1.2798,420.93,6.56146,25.453,2.5447e-06,0.0278388,0.186794,1.34412e-05,785,30.0,0.078184,0.100307,19.8345,25.453,2,2459440.673287,679120355,481.387659204299,26.4987131687888,20.208076134283,1.16264148375921,419.599064308867,50.4550690262238,8.3723022542894,1.03121825482458,2.50569037666586,21.9959999656677,0.324999988079071,0.908999979496002,-0.580999970436096,2458227.895289,2458268.838495,0,18.74676261859749,18.808236541383614,18.688583600053775
679,14,3,ZTF_r,1687185755515,0,1.4743,147.443,8.70073,26.1423,3.4593e-06,0.0219587,0.0984287,6.3662e-06,798,30.0,0.064274,0.078128,20.2254,26.1423,1,2459441.6857523,679120255,614.696286578244,34.8596702441474,19.6151717902458,1.20923381891222,523.331422395469,67.2374840471755,7.83574961349642,1.04292961719204,3.11568112611726,21.5409997940063,0.131999999284744,1.94500005245209,0.293999999761581,2458158.965289,2458218.966042,0,19.17064852618374,19.234035906698303,19.11075857532493
679,14,3,ZTF_g,1687243505515,33554432,2.6606,76.2489,7.77047,26.0481,3.41187e-05,0.0653335,5.61121e-05,7.16912e-05,706,30.0,0.119276,0.091473,19.7761,26.0481,1,2459441.7435069,679120155,418.534596320007,44.2383890036668,10.5241459122729,1.07289371061314,367.188838427074,67.9860802764696,5.43731709309911,1.0845703397153,2.78947773508587,21.6670000076294,0.162000000476837,1.49199998378754,0.46399998664856,2458203.915127,2458228.964259,0,19.49377159286337,19.61506143374968,19.38468000301341
679,14,3,ZTF_g,1689182825515,0,1.559,73.5944,11.0002,25.9942,9.0497e-06,0.0339697,-0.0210609,1.90578e-05,725,30.0,0.063323,0.074367,19.7521,25.9942,1,2459443.6828241,679120155,447.692642098276,41.6143711307889,11.9671689348038,1.04236586017297,466.984432808518,79.4107358800203,5.92022721640179,1.05212541104069,2.78947773508587,21.6670000076294,0.162000000476837,1.49199998378754,0.46399998664856,2458203.915127,2458228.964259,0,19.366750108146682,19.47267562188801,19.270246398650148
679,14,3,ZTF_i,1689222375515,0,1.2769,381.454,10.0744,25.3537,3.2783e-06,0.0318035,0.192379,1.74819e-05,799,30.0,0.073683,0.108671,19.3475,25.3537,2,2459443.7223727,679120355,390.395906514364,33.6397817118045,12.9094246606657,1.13484768804984,377.080539418188,68.4706690294604,5.54427470809622,1.02851097609061,2.50569037666586,21.9959999656677,0.324999988079071,0.908999979496002,-0.580999970436096,2458227.895289,2458268.838495,0,18.87493686191106,18.97277140541331,18.785193975573332
679,14,3,ZTF_r,1689238265515,0,1.3366,123.965,13.2832,25.9585,9.3213e-06,0.0359872,0.103616,1.7306e-05,791,30.0,0.067641,0.090592,19.6277,25.9585,1,2459443.7382639,679120255,611.964709684551,46.3649419248311,14.6822109383863,1.19779755563091,405.637867996953,94.6265841295423,4.31559340467366,1.04564033594423,3.11568112611726,21.5409997940063,0.131999999284744,1.94500005245209,0.293999999761581,2458158.965289,2458218.966042,0,18.991684054240555,19.077226943840714,18.91239145888106
679,14,3,ZTF_g,1690197755515,0,1.8896,63.9663,13.3717,25.8542,1.56915e-05,0.0406284,-0.0235811,3.76855e-05,610,30.0,0.059389,0.06972,19.2891,25.8542,2,2459444.6977546,679120155,370.086118247063,58.1863799996339,7.07515986708375,0.986056083961227,419.35005315558,107.338448785221,3.93311441211154,1.06108172746964,2.78947773508587,21.6670000076294,0.162000000476837,1.49199998378754,0.46399998664856,2458203.915127,2458228.964259,0,19.43344301194316,19.619162474278546,19.274899532915793
679,14,3,ZTF_r,1693196675515,0,1.8244,151.044,11.8052,26.1648,5.6607e-06,0.0280795,0.0978308,1.04656e-05,793,30.0,0.063452,0.068733,19.7447,26.1648,1,2459447.6966782,679120255,805.279881434826,51.9443114406562,17.2450181761516,1.04246711006825,844.060842760186,95.3861060600837,8.90848443445091,1.05789668656156,3.11568112611726,21.5409997940063,0.131999999284744,1.94500005245209,0.293999999761581,2458158.965289,2458218.966042,0,18.899932877225417,18.972328815364225,18.832063951623184
679,14,3,ZTF_r,1693197615515,0,1.8578,150.318,12.0481,26.1561,5.7641e-06,0.0283618,0.10228,1.06987e-05,793,30.0,0.066481,0.070151,19.6897,26.1561,3,2459447.6976157,679120255,844.853632910914,52.0451030464507,18.05744930337,1.02455576627185,756.322214158738,93.9813971186117,8.1017745120884,1.0567787979696,3.11568112611726,21.5409997940063,0.131999999284744,1.94500005245209,0.293999999761581,2458158.965289,2458218.966042,0,18.839146310244413,18.90817921475694,18.77424147014206
679,14,3,ZTF_i,1693268865515,0,2.0272,407.541,11.012,25.4374,3.0989e-06,0.0307046,0.190304,1.609e-05,791,30.0,0.077987,0.085339,19.0219,25.4374,2,2459447.7688657,679120355,421.331759121783,48.3574958537919,9.69203992376954,1.07993865378655,395.328991111923,87.5244562058768,4.54720396863838,1.05765491666759,2.50569037666586,21.9959999656677,0.324999988079071,0.908999979496002,-0.580999970436096,2458227.895289,2458268.838495,0,18.8758395085353,19.008202838080997,18.75787343751395
679,14,3,ZTF_r,1694225625515,0,1.755,151.029,13.4803,26.1642,5.6583e-06,0.0280921,0.101519,1.03968e-05,796,30.0,0.06343,0.067699,19.6149,26.1642,3,2459448.725625,679120255,971.888356574857,59.4052427891922,18.1989530723976,0.957739533361797,997.435374198795,110.890807659994,9.05533271892329,1.0489293153247,3.11568112611726,21.5409997940063,0.131999999284744,1.94500005245209,0.293999999761581,2458158.965289,2458218.966042,0,18.695159051954477,18.76363790939122,18.630744194134223
679,14,3,ZTF_r,1695162675515,0,1.6564,155.873,10.3738,26.1975,4.0757e-06,0.0238292,0.1047,7.54488e-06,796,30.0,0.059989,0.068251,19.9877,26.1975,3,2459449.6626736,679120255,1015.41359663933,44.5275271300955,25.3670052380951,1.26616562708156,976.844499342893,81.9492807450883,12.0003933446063,1.05012795283589,3.11568112611726,21.5409997940063,0.131999999284744,1.94500005245209,0.293999999761581,2458158.965289,2458218.966042,0,18.680892563954746,18.729579325555616,18.634295644225325
679,14,3,ZTF_g,1695208295515,0,1.7028,86.0772,14.3937,26.1936,1.26061e-05,0.0395745,-0.0287345,2.7188e-05,694,30.0,0.058332,0.07523,19.631,26.1936,3,2459449.7082986,679120155,789.234182090632,59.500455721315,14.7550401472325,0.968189281328391,584.003124727835,111.019953797327,5.29577250992875,1.06014339253684,2.78947773508587,21.6670000076294,0.162000000476837,1.49199998378754,0.46399998664856,2458203.915127,2458228.964259,0,18.95058528380347,19.03568895334323,18.871670183542612
679,14,3,ZTF_r,1696162535515,0,1.7012,127.388,8.93837,25.9793,4.258e-06,0.024201,0.107624,7.90583e-06,790,30.0,0.058073,0.068214,19.9122,25.9793,1,2459450.6625347,679120255,932.314106175406,42.7766164693,24.2443545462879,1.04868889415411,862.351246866017,77.6780480289829,11.1763780650749,1.05503966787217,3.11568112611726,21.5409997940063,0.131999999284744,1.94500005245209,0.293999999761581,2458158.965289,2458218.966042,0,18.55539436182858,18.606389359452134,18.50668743893054
679,14,3,ZTF_r,1696163475515,0,1.6364,127.49,9.30638,25.978,5.2564e-06,0.027042,0.108712,9.73722e-06,793,30.0,0.059521,0.069191,19.9007,25.978,3,2459450.6634722,679120255,921.006884495981,42.7356065360505,23.9732991895473,1.12715325001088,803.304444123708,78.4093697712784,10.3140064526978,1.05749369990097,3.11568112611726,21.5409997940063,0.131999999284744,1.94500005245209,0.293999999761581,2458158.965289,2458218.966042,0,18.56734280863535,18.618928299289195,18.518097481797493
679,14,3,ZTF_g,1696197195515,0,1.6581,72.6879,11.8871,25.9809,1.2083e-05,0.0380809,-0.0265368,2.67701e-05,693,30.0,0.06312,0.068502,19.6323,25.9809,3,2459450.6971991,679120155,741.900427768104,48.5744801785358,16.9899562642021,1.07589191785637,674.114872716447,90.3956771696255,7.50760541232351,1.0627994435369,2.78947773508587,21.6670000076294,0.162000000476837,1.49199998378754,0.46399998664856,2458203.915127,2458228.964259,0,18.80503594627902,18.87855636527511,18.736179778318263
679,14,3,ZTF_g,1696198135515,0,1.8267,71.6189,12.1387,25.9584,1.39891e-05,0.0404309,-0.0120344,3.17018e-05,671,30.0,0.063448,0.067702,19.5365,25.9584,1,2459450.6981366,679120155,533.204879905247,54.4874682053135,10.8855978981613,1.03138810700754,404.956346046381,98.6773051472703,4.13148443532872,1.07173453861775,2.78947773508587,21.6670000076294,0.162000000476837,1.49199998378754,0.46399998664856,2458203.915127,2458228.964259,0,19.141164711413346,19.258201940655468,19.035524909656893
679,14,3,ZTF_g,1697197465515,0,1.6678,86.6936,9.61209,26.1775,7.4483e-06,0.0316368,-0.0253529,1.46746e-05,767,30.0,0.05844,0.067749,20.058,26.1775,3,2459451.6974653,679120155,901.736190234801,43.0452071946249,23.3028746197312,1.04199465468362,912.022749143912,77.3653611688361,11.8679116979601,1.05774212627868,2.78947773508587,21.6670000076294,0.162000000476837,1.49199998378754,0.46399998664856,2458203.915127,2458228.964259,0,18.78980125005587,18.842907743814266,18.739171666220493
679,14,3,ZTF_r,1698206305515,0,1.5161,148.183,8.7201,26.1294,6.3862e-06,0.0299478,0.103109,1.18042e-05,800,30.0,0.062037,0.070887,20.1775,26.1294,1,2459452.7063079,679120255,1212.26651439941,39.7180301800757,33.9519880003971,1.34431591852034,1072.23244391423,72.1120358962798,14.9691237766105,1.04478887200028,3.11568112611726,21.5409997940063,0.131999999284744,1.94500005245209,0.293999999761581,2458158.965289,2458218.966042,0,18.42040472722127,18.45657297602351,18.38540258085965
679,14,3,ZTF_r,1698207255515,33554432,1.4981,103.162,10.2591,25.7621,3.38779e-05,0.0690703,0.0970344,6.20892e-05,802,30.0,0.060626,0.079076,19.6384,25.7621,3,2459452.7072569,679120255,772.82634310287,39.8897382208055,21.5514022123904,1.22119855075235,730.824909180216,76.2763230020017,9.64581180679332,1.04595105836887,3.11568112611726,21.5409997940063,0.131999999284744,1.94500005245209,0.293999999761581,2458158.965289,2458218.966042,0,18.5418952066819,18.599433969742872,18.487252866795366
679,14,3,ZTF_g,1698279075515,0,2.1596,84.4402,12.0667,26.1425,2.12382e-05,0.0509893,-0.00533469,4.71727e-05,694,30.0,0.091494,0.089142,19.5825,26.1425,3,2459452.7790741,679120155,771.67106571941,60.0331844076932,14.2986697896499,1.003997833172,772.2689358086,101.959410314325,7.62529136964281,1.06839583306882,2.78947773508587,21.6670000076294,0.162000000476837,1.49199998378754,0.46399998664856,2458203.915127,2458228.964259,0,18.92391945895779,19.011852354931605,18.842577698010803
679,14,3,ZTF_g,1698280025515,0,2.1358,84.0367,12.2566,26.1365,1.41562e-05,0.0415649,-0.00693341,3.10251e-05,694,30.0,0.084182,0.082965,19.5695,26.1365,1,2459452.7800231,679120155,935.34311597259,60.8519887470464,17.0982230811812,0.937953545227545,977.900713440332,104.14869593437,9.45270530923557,1.06631501916537,2.78947773508587,21.6670000076294,0.162000000476837,1.49199998378754,0.46399998664856,2458203.915127,2458228.964259,0,18.70907261442674,18.782111481519678,18.640638991779298
679,14,3,ZTF_g,1699185765515,0,1.5552,97.4938,5.83016,26.3129,4.8647e-06,0.0260603,-0.0532621,9.0504e-06,791,30.0,0.061292,0.072103,20.6996,26.3129,3,2459453.6857639,679120155,1031.53741602464,29.5196883934732,38.8712062317961,1.43535095077674,978.616820960584,48.7823277642917,20.1959993855715,1.04782508499989,2.78947773508587,21.6670000076294,0.162000000476837,1.49199998378754,0.46399998664856,2458203.915127,2458228.964259,0,18.77918753658449,18.8107114872291,18.748553106065888
679,14,3,ZTF_r,1699255715515,0,1.4572,157.938,10.0754,26.2086,4.5063e-06,0.0251924,0.105788,8.37999e-06,799,30.0,0.068654,0.076792,20.132,26.2086,3,2459453.7557176,679120255,1287.52161171223,44.3772763904718,32.2736945516796,1.36372420227524,1108.08151692714,81.0760492595299,13.7592361725234,1.05157780764082,3.11568112611726,21.5409997940063,0.131999999284744,1.94500005245209,0.293999999761581,2458158.965289,2458218.966042,0,18.434213680923545,18.472296111632662,18.397421859096397
679,14,3,ZTF_i,1700163665515,0,1.6535,469.331,5.97827,25.5815,1.401e-06,0.0206858,0.185318,7.31039e-06,790,30.0,0.071817,0.07788,19.8955,25.5815,2,2459454.663669,679120355,728.608149818156,28.7131719271244,28.2271905114536,1.27241200667476,672.057998842327,49.4933342567295,13.6702115202378,1.04089802432388,2.50569037666586,21.9959999656677,0.324999988079071,0.908999979496002,-0.580999970436096,2458227.895289,2458268.838495,0,18.425264938207192,18.468917806908124,18.38329953951787
679,14,3,ZTF_g,1700177905515,0,1.9522,99.4089,5.8417,26.3269,4.9532e-06,0.0263609,-0.0355499,9.19977e-06,794,30.0,0.064787,0.06664,20.6249,26.3269,3,2459454.6779051,679120155,1126.47755923937,31.5277359298455,39.7451885198348,1.46107742083254,1088.99440617738,48.725812666976,22.4999602090007,1.06690830096188,2.78947773508587,21.6670000076294,0.162000000476837,1.49199998378754,0.46399998664856,2458203.915127,2458228.964259,0,18.69759363877977,18.728414455390908,18.667623636803164
679,14,3,ZTF_g,1700182175515,0,1.8307,98.9879,5.98461,26.3253,4.7315e-06,0.0256741,-0.0424431,8.83215e-06,791,30.0,0.063491,0.068114,20.6415,26.3253,1,2459454.6821759,679120155,1069.14858038676,30.3874663242234,39.1379770434315,1.32224723758691,1062.97264108773,48.4716051504568,22.0774991804332,1.0572692714384,2.78947773508587,21.6670000076294,0.162000000476837,1.49199998378754,0.46399998664856,2458203.915127,2458228.964259,0,18.752704840911278,18.78401079129224,18.722276320871536
679,14,3,ZTF_r,1700282025515,0,1.7611,150.783,10.7449,26.1568,4.3907e-06,0.0250219,0.106149,8.07009e-06,802,30.0,0.085942,0.084008,19.8586,26.1568,1,2459454.7820255,679120255,1276.8054323549,46.0155829501605,30.865590825781,1.2442305175599,1245.00525998881,82.2982166461062,15.229861510072,1.05040882126311,3.11568112611726,21.5409997940063,0.131999999284744,1.94500005245209,0.293999999761581,2458158.965289,2458218.966042,0,18.39148819555053,18.431340235330396,18.353047285456988
679,14,3,ZTF_r,1700282965515,0,1.8115,150.997,11.0056,26.1606,5.118e-06,0.0269929,0.105733,9.42699e-06,803,30.0,0.083638,0.07809,19.8219,26.1606,3,2459454.782963,679120255,1328.27273848838,45.6615734070109,32.3587091173757,1.35576653389836,1249.28043762109,81.2203586534926,15.4849650271967,1.04763807032392,3.11568112611726,21.5409997940063,0.131999999284744,1.94500005245209,0.293999999761581,2458158.965289,2458218.966042,0,18.352381851842186,18.39036245971348,18.315685076239408
679,14,3,ZTF_r,1701186565515,0,1.6453,160.676,6.78375,26.2327,3.4507e-06,0.0218701,0.0998968,6.33673e-06,794,30.0,0.061339,0.080553,20.5345,26.2327,3,2459455.6865625,679120255,1460.7944102647,32.1405276875076,50.5581177067599,1.99812669651027,1345.40068603969,51.511814362875,26.2942017053828,1.04579566905988,3.11568112611726,21.5409997940063,0.131999999284744,1.94500005245209,0.293999999761581,2458158.965289,2458218.966042,0,18.32122725409016,18.345382435534553,18.29759779599894
679,14,3,ZTF_g,1701208295515,0,1.8982,93.3164,5.55647,26.2578,5.5142e-06,0.0278014,-0.0324689,1.03961e-05,794,30.0,0.06788,0.069926,20.6224,26.2578,3,2459455.7082986,679120155,1022.46643729305,28.1528389361502,40.4000280343294,1.38928579859406,1059.42321288735,43.4802497024889,24.5297231841544,1.06253939465619,2.78947773508587,21.6670000076294,0.162000000476837,1.49199998378754,0.46399998664856,2458203.915127,2458228.964259,0,18.733677347268923,18.763991552697775,18.704186588112748
679,14,3,ZTF_g,1703223125515,0,1.7991,86.7502,6.09501,26.1789,5.168e-06,0.0266593,-0.0342924,9.84718e-06,777,30.0,0.067613,0.073499,20.4841,26.1789,3,2459457.723125,679120155,933.350782768085,29.2880101810923,35.4494768400745,1.34078339070916,902.931014962404,47.2431012785214,19.2411650102976,1.05791393748315,2.78947773508587,21.6670000076294,0.162000000476837,1.49199998378754,0.46399998664856,2458203.915127,2458228.964259,0,18.753787759901503,18.7884035343158,18.72024160216843
679,14,3,ZTF_g,1703224995515,0,2.2779,86.2242,6.1098,26.183,5.5842e-06,0.0276298,-0.0338338,1.06885e-05,772,30.0,0.073191,0.072882,20.3258,26.183,1,2459457.725,679120155,919.208574603728,32.6024997675642,31.3630266808716,1.15525709610406,963.892716298589,50.4080861178726,19.2505739442522,1.06505584953008,2.78947773508587,21.6670000076294,0.162000000476837,1.49199998378754,0.46399998664856,2458203.915127,2458228.964259,0,18.774464832737756,18.813673243332783,18.73662311617252
679,14,3,ZTF_g,1704185855515,0,2.4695,91.8614,4.37975,26.2509,1.30036e-05,0.0426565,-0.0511264,2.42195e-05,789,30.0,0.099588,0.076219,20.6331,26.2509,3,2459458.6858565,679120155,833.763624157458,27.4816656464028,33.7485169737373,1.18117567822883,880.525292578561,39.6863951954773,22.336512971731,1.07516517685518,2.78947773508587,21.6670000076294,0.162000000476837,1.49199998378754,0.46399998664856,2458203.915127,2458228.964259,0,18.94829264101514,18.984682644829896,18.91308285064341
679,14,3,ZTF_r,1704195635515,0,1.8234,155.748,5.74786,26.1972,3.0594e-06,0.0206268,0.0995802,5.65894e-06,800,30.0,0.068597,0.0681,20.5611,26.1972,3,2459458.6956366,679120255,1361.02978649439,31.9147905150621,47.4384437134459,1.71915155336382,1287.55217296339,49.7997519453437,26.0287222384185,1.05027653867535,3.11568112611726,21.5409997940063,0.131999999284744,1.94500005245209,0.293999999761581,2458158.965289,2458218.966042,0,18.362530925109603,18.388293604906735,18.337365407751665
679,14,3,ZTF_i,1705161295515,4194304,1.5015,464.105,6.00404,25.569,1.4418e-06,0.0210515,0.182043,7.53118e-06,792,30.0,0.066269,0.0804,19.9508,25.569,2,2459459.6612963,679120355,670.375095102296,26.5197981894828,28.1191674399525,1.28869557091004,623.69345021219,47.4056489988842,13.2451316402881,1.03452768696657,2.50569037666586,21.9959999656677,0.324999988079071,0.908999979496002,-0.580999970436096,2458227.895289,2458268.838495,0,18.503205321044966,18.54702931767831,18.461081794731705
679,14,3,ZTF_r,1705192145515,0,1.5801,161.814,6.15478,26.2462,3.5249e-06,0.0220632,0.102888,6.50848e-06,789,30.0,0.060603,0.074434,20.6401,26.2462,3,2459459.6921412,679120255,1457.9175845719,31.8804336296979,50.870212916505,2.10884345921347,1313.16904246348,50.7042965621195,26.0730036930478,1.04816700548356,3.11568112611726,21.5409997940063,0.131999999284744,1.94500005245209,0.293999999761581,2458158.965289,2458218.966042,0,18.336867564491783,18.360872900377586,18.313381519450164
679,14,3,ZTF_r,1706201215515,0,1.6736,161.265,6.91808,26.2354,3.1439e-06,0.020969,0.100338,5.78963e-06,797,30.0,0.062429,0.067971,20.4717,26.2354,1,2459460.7012153,679120255,1415.09865528262,34.6334027008574,45.4513049429058,1.65798708222311,1286.02850691236,57.4507284196643,22.5356582677339,1.04653943550508,3.11568112611726,21.5409997940063,0.131999999284744,1.94500005245209,0.293999999761581,2458158.965289,2458218.966042,0,18.358433204322182,18.385336301069437,18.332180643536773
679,14,3,ZTF_r,1706202165515,0,2.1988,160.649,6.6525,26.2404,5.2195e-06,0.0269441,0.100623,9.65858e-06,792,30.0,0.070089,0.070799,20.3013,26.2404,3,2459460.7021644,679120255,1303.65043543407,40.0220456163007,36.2340327478953,1.32928352838889,1158.86836536127,62.7053472511692,18.6056446797782,1.06583592375596,3.11568112611726,21.5409997940063,0.131999999284744,1.94500005245209,0.293999999761581,2458158.965289,2458218.966042,0,18.452497114903938,18.48635156351208,18.41966644317299
679,14,3,ZTF_g,1706261645515,0,2.6007,84.7939,6.79762,26.171,2.12531e-05,0.0533307,-0.0325643,4.2279e-05,760,30.0,0.10135,0.072098,20.0671,26.171,1,2459460.7616435,679120155,698.342645745019,38.808383086329,20.0169459451134,1.04315972903266,710.856861102474,59.6930164488578,11.9887478558604,1.07284280906045,2.78947773508587,21.6670000076294,0.162000000476837,1.49199998378754,0.46399998664856,2458203.915127,2458228.964259,0,19.060828590135102,19.122906595073836,19.002108809971084
679,14,3,ZTF_g,1706262595515,0,2.0749,84.614,7.12986,26.1602,7.9435e-06,0.0330718,-0.0231991,1.53924e-05,777,30.0,0.070718,0.065585,20.213,26.1602,3,2459460.7625926,679120155,744.242741771155,33.3457237048846,24.8272868251946,1.18826000709822,754.332486379818,55.4564173192479,13.6938698131958,1.05782548584328,2.78947773508587,21.6670000076294,0.162000000476837,1.49199998378754,0.46399998664856,2458203.915127,2458228.964259,0,18.980913480295996,19.030683268656723,18.933325475584024
679,14,3,ZTF_r,1707153805515,33554432,2.8955,165.1,6.64209,26.267,1.81777e-05,0.0503245,0.106077,3.37466e-05,796,30.0,0.085284,0.091917,20.1182,26.267,3,2459461.6538079,679120255,1246.90157691198,45.2612367554902,30.6450658194812,1.04284488731595,1271.91206297231,64.7810228935406,19.7662588008231,1.09690719368462,3.11568112611726,21.5409997940063,0.131999999284744,1.94500005245209,0.293999999761581,2458158.965289,2458218.966042,0,18.52741956456142,18.567563751088436,18.488706903502354
679,14,3,ZTF_g,1707195375515,0,2.6312,95.384,6.18877,26.3053,7.9308e-06,0.0330491,-0.0351021,1.52699e-05,780,30.0,0.091203,0.084079,20.2911,26.3053,3,2459461.6953704,679120155,755.053951016981,38.3768972830415,21.885825179568,0.995804301504814,757.645774302774,57.4746636208583,13.2710400397537,1.0883112394659,2.78947773508587,21.6670000076294,0.162000000476837,1.49199998378754,0.46399998664856,2458203.915127,2458228.964259,0,19.110355038834804,19.1669912509172,19.05652729580909
679,14,3,ZTF_i,1708157605515,0,1.3973,465.098,6.085,25.5599,1.6219e-06,0.0221766,0.186405,8.57942e-06,786,30.0,0.0706,0.085521,19.9538,25.5599,2,2459462.6576042,679120355,679.471806448631,26.4437683931595,28.5826767295136,1.32962072937829,537.90762126674,47.0873815802183,11.5005430727101,1.03449521179215,2.50569037666586,21.9959999656677,0.324999988079071,0.908999979496002,-0.580999970436096,2458227.895289,2458268.838495,0,18.479471397210283,18.522570429234356,18.438018090050328
679,14,3,ZTF_r,1708224325515,0,1.672,159.562,7.63896,26.2226,3.6279e-06,0.0224311,0.105974,6.65366e-06,794,30.0,0.076897,0.073814,20.3493,26.2226,1,2459462.7243287,679120255,1160.18491725725,34.5933997903996,37.3068662671921,1.52999884678658,1117.81005375702,59.5641527031418,18.8928830128866,1.05007598681341,3.11568112611726,21.5409997940063,0.131999999284744,1.94500005245209,0.293999999761581,2458158.965289,2458218.966042,0,18.56128196196705,18.594147971083288,18.52938166903654
679,14,3,ZTF_r,1708225265515,0,1.7292,158.945,7.97521,26.2194,4.3143e-06,0.0244398,0.104145,7.88206e-06,794,30.0,0.082437,0.071606,20.2805,26.2194,3,2459462.7252662,679120255,1189.82375269854,35.0452172912172,37.7666687057644,1.5338948426311,1131.19513946437,59.5612644523934,19.120040756054,1.04773339630017,3.11568112611726,21.5409997940063,0.131999999284744,1.94500005245209,0.293999999761581,2458158.965289,2458218.966042,0,18.530693413534067,18.563153243050323,18.499175918358898
679,14,3,ZTF_g,1708262995515,0,2.4357,83.918,8.54717,26.1489,8.7842e-06,0.0340732,-0.0139475,1.81239e-05,743,30.0,0.081897,0.083002,19.8502,26.1489,1,2459462.7629977,679120155,577.481716644727,42.7928894312694,15.0114079775577,1.13028773247198,552.031235635073,68.5075052176627,8.11223815554821,1.07187420280143,2.78947773508587,21.6670000076294,0.162000000476837,1.49199998378754,0.46399998664856,2458203.915127,2458228.964259,0,19.245054402987826,19.32864722691129,19.167439996010753
679,14,3,ZTF_g,1708263935515,0,2.3466,84.0128,8.06851,26.1556,9.2418e-06,0.0351995,-0.0290967,1.86916e-05,755,30.0,0.087263,0.085449,19.9471,26.1556,3,2459462.7639352,679120155,552.550660416524,40.2470181262855,15.2719043060111,1.05457578816908,494.179159444742,65.5603230661713,7.58854534645918,1.06749708400242,2.78947773508587,21.6670000076294,0.162000000476837,1.49199998378754,0.46399998664856,2458203.915127,2458228.964259,0,19.299669744194393,19.381781391097118,19.22333376441908
679,14,3,ZTF_r,1709153185515,0,1.6796,161.05,6.25204,26.2457,3.1631e-06,0.0209714,0.100638,5.82398e-06,795,30.0,0.064614,0.06967,20.585,26.2457,3,2459463.6531829,679120255,1223.91198060404,33.9304359747146,40.1250463560541,1.34343305864721,1155.1087658089,56.8601735218603,20.4517224935766,1.05169263616238,3.11568112611726,21.5409997940063,0.131999999284744,1.94500005245209,0.293999999761581,2458158.965289,2458218.966042,0,18.526324534954256,18.55684943502245,18.496634410535826
679,14,3,ZTF_g,1709194075515,0,1.9272,92.7408,6.2,26.2636,4.3781e-06,0.0247223,-0.0348128,8.28093e-06,792,30.0,0.062441,0.068356,20.5294,26.2636,3,2459463.6940741,679120155,640.311297949365,31.0289853175714,22.9550578705943,1.12637743314081,637.521287720029,51.927279577392,12.3598816555756,1.06410824504491,2.78947773508587,21.6670000076294,0.162000000476837,1.49199998378754,0.46399998664856,2458203.915127,2458228.964259,0,19.247622088037666,19.301553572979927,19.196243231301622
679,14,3,ZTF_g,1710165085515,0,1.5335,94.4182,5.57484,26.2763,4.4091e-06,0.024859,-0.0447087,8.17297e-06,795,30.0,0.06146,0.070807,20.7005,26.2763,1,2459464.665081,679120155,542.265132178373,25.9842703908377,23.2143193374627,1.11604534103095,528.07825020997,45.9528695265746,11.5691336163593,1.04801536989701,2.78947773508587,21.6670000076294,0.162000000476837,1.49199998378754,0.46399998664856,2458203.915127,2458228.964259,0,19.440770799852558,19.494084934206068,19.389952530499038
679,14,3,ZTF_g,1710166015515,0,1.6706,94.3708,5.54592,26.2741,4.9785e-06,0.0263938,-0.0436379,9.28407e-06,793,30.0,0.059757,0.072564,20.6814,26.2741,3,2459464.6660185,679120155,518.866881601233,24.6110809386999,23.4520096221552,1.14315824198523,522.787011423002,42.0153792415736,12.5265562640136,1.05260070501832,2.78947773508587,21.6670000076294,0.162000000476837,1.49199998378754,0.46399998664856,2458203.915127,2458228.964259,0,19.4864601217636,19.5392205625929,19.436145153513408
679,14,3,ZTF_r,1710217745515,0,1.5896,153.513,7.4031,26.193,3.4924e-06,0.0221723,0.103035,6.49859e-06,801,30.0,0.071309,0.070876,20.3773,26.193,3,2459464.7177431,679120255,966.75828299526,34.1552068214074,31.4858761869538,1.32740407889345,896.013916090959,60.9565427135532,14.7982247878922,1.04797932631995,3.11568112611726,21.5409997940063,0.131999999284744,1.94500005245209,0.293999999761581,2458158.965289,2458218.966042,0,18.72970524572265,18.768757890917293,18.692008643761376
679,14,3,ZTF_r,1710218685515,0,1.6867,153.744,7.48316,26.1931,3.7125e-06,0.0228881,0.103373,6.90122e-06,803,30.0,0.072826,0.07045,20.362,26.1931,1,2459464.7186806,679120255,999.403004570262,35.5366183688178,31.2837893913421,1.2860669860681,891.427136913994,63.026522949715,14.2389411309473,1.05038546124278,3.11568112611726,21.5409997940063,0.131999999284744,1.94500005245209,0.293999999761581,2458158.965289,2458218.966042,0,18.693748373109297,18.733057912538605,18.65581246413901
679,14,3,ZTF_i,1711154475515,0,1.8403,433.414,6.38197,25.4847,1.3877e-06,0.0205965,0.186955,7.28435e-06,785,30.0,0.065358,0.074985,19.6838,25.4847,2,2459465.6544792,679120355,438.675111359242,28.1327367114178,17.3454597030406,1.05073554341056,458.376670336708,49.8632506572676,9.2545884494361,1.0447875481487,2.50569037666586,21.9959999656677,0.324999988079071,0.908999979496002,-0.580999970436096,2458227.895289,2458268.838495,0,18.8793425124944,18.951305024948795,18.811854627790268
679,14,3,ZTF_r,1712153745515,0,1.3479,158.916,6.38583,26.2082,3.8818e-06,0.0232057,0.100306,7.12751e-06,793,30.0,0.070454,0.087893,20.6522,26.2082,1,2459466.65375,679120255,951.732291500475,28.6268000647774,36.9825455727012,1.64756487079036,770.527167646724,48.7923308658005,15.8983327643556,1.04047990603839,3.11568112611726,21.5409997940063,0.131999999284744,1.94500005245209,0.293999999761581,2458158.965289,2458218.966042,0,18.761912987952428,18.79507166365812,18.729737048216734
679,14,3,ZTF_g,1712220245515,0,2.2839,85.1707,6.36619,26.1677,7.3275e-06,0.0318847,-0.0244724,1.42211e-05,784,30.0,0.070251,0.076268,20.2566,26.1677,1,2459466.7202431,679120155,359.054778417942,31.9588267845953,12.4975442760602,1.0226384129939,372.542600111895,52.5486869016444,7.13722298446466,1.06673419765544,2.78947773508587,21.6670000076294,0.162000000476837,1.49199998378754,0.46399998664856,2458203.915127,2458228.964259,0,19.77979822291482,19.881012077429663,19.68722032798354
679,14,3,ZTF_g,1714152985515,0,1.6378,92.8973,6.72754,26.2537,5.2811e-06,0.0270517,-0.0317771,9.92886e-06,786,30.0,0.05821,0.072191,20.5026,26.2537,1,2459468.6529861,679120155,338.33986586712,28.5931090550335,13.1627487993856,0.967782417551068,331.278564730388,52.2336269536968,6.38496241548713,1.05946692956503,2.78947773508587,21.6670000076294,0.162000000476837,1.49199998378754,0.46399998664856,2458203.915127,2458228.964259,0,19.930317068003752,20.02618308046682,19.842233145090688
679,14,3,ZTF_r,1714238105515,0,1.583,145.119,9.28448,26.1226,3.5008e-06,0.0221654,0.103595,6.46691e-06,797,30.0,0.064481,0.074041,20.069,26.1226,1,2459468.7381019,679120255,726.804275264238,40.4281036196433,19.9981077588409,1.07332718365247,679.484964013846,78.07148007583,8.76198752317956,1.04064174604174,3.11568112611726,21.5409997940063,0.131999999284744,1.94500005245209,0.293999999761581,2458158.965289,2458218.966042,0,18.969056316789867,19.03119450485239,18.910282693184875
679,14,3,ZTF_r,1716143155515,0,1.4174,165.041,7.61759,26.252,3.5995e-06,0.0224106,0.0997798,6.55594e-06,795,30.0,0.06599,0.078393,20.481,26.252,1,2459470.6431597,679120255,770.401545184507,31.7272907444933,27.0108939530294,1.35420934659002,749.837269917965,57.7716916671879,13.0667364116919,1.04565578735104,3.11568112611726,21.5409997940063,0.131999999284744,1.94500005245209,0.293999999761581,2458158.965289,2458218.966042,0,19.035207137059427,19.080867593754846,18.99138967704738
679,14,3,ZTF_g,1716197995515,0,1.7165,92.0316,8.56568,26.2401,6.7767e-06,0.0306398,-0.0154166,1.27944e-05,780,30.0,0.064835,0.070764,20.2102,26.2401,1,2459470.6979977,679120155,348.20993285704,35.9150670857101,10.7849782729483,1.15524275589222,362.362136564338,65.9380122009063,5.53250931027547,1.06283561808318,2.78947773508587,21.6670000076294,0.162000000476837,1.49199998378754,0.46399998664856,2458203.915127,2458228.964259,0,19.88549711145371,20.003687889132394,19.778918567000733
679,14,3,ZTF_i,1717187485515,0,2.0796,425.827,8.76432,25.4875,2.4947e-06,0.0277978,0.187864,1.31854e-05,804,30.0,0.072094,0.078048,19.2413,25.4875,2,2459471.6874884,679120355,322.25772497296,42.0828483590065,8.51830156143739,0.99007369206768,269.077794742801,75.0642398485512,3.60877629239043,1.05458736514116,2.50569037666586,21.9959999656677,0.324999988079071,0.908999979496002,-0.580999970436096,2458227.895289,2458268.838495,0,19.216991657993667,19.36892702663263,19.083731156488845
679,14,3,ZTF_r,1719142955515,0,1.5053,164.646,9.20051,26.2682,4.7601e-06,0.025771,0.101382,8.76841e-06,797,30.0,0.057994,0.080411,20.2655,26.2682,1,2459473.6429514,679120255,625.927659824392,36.1860159842992,19.2414667183154,1.26171586553707,531.510546472874,68.1102487270858,7.85623765268952,1.04887749871849,3.11568112611726,21.5409997940063,0.131999999284744,1.94500005245209,0.293999999761581,2458158.965289,2458218.966042,0,19.276889641233062,19.341545509996752,19.21586860442859
679,14,3,ZTF_g,1719184985515,0,1.681,92.6138,10.4166,26.2548,8.8735e-06,0.0343752,-0.0235357,1.74682e-05,756,30.0,0.064355,0.070006,20.0391,26.2548,1,2459473.6849884,679120155,173.074561662347,40.4365201161427,4.76117634724212,0.991265095204902,154.138808728143,76.3278298056275,2.03303228807179,1.05944599470006,2.78947773508587,21.6670000076294,0.162000000476837,1.49199998378754,0.46399998664856,2458203.915127,2458228.964259,0,20.65921689907992,20.948129748195974,20.431248947612048
679,14,3,ZTF_i,1720179665515,0,1.5914,460.463,8.55209,25.5508,1.7284e-06,0.0230822,0.181863,9.18279e-06,801,30.0,0.070689,0.075941,19.5445,25.5508,2,2459474.6796644,679120355,303.000057793214,33.619540268116,10.0254930917749,1.04122744729091,315.746427058609,63.9393686403187,4.97147538630601,1.03967717514076,2.50569037666586,21.9959999656677,0.324999988079071,0.908999979496002,-0.580999970436096,2458227.895289,2458268.838495,0,19.347193221654535,19.4748845426657,19.232951507278077
679,14,3,ZTF_r,1720223135515,0,1.7612,150.055,12.5334,26.1566,5.78e-06,0.0284269,0.0994287,1.07222e-05,796,30.0,0.068029,0.074087,19.6957,26.1566,3,2459474.7231366,679120255,453.074975075594,49.9828703438588,10.0833231062624,0.970266271584166,475.080864571439,96.1668328568083,4.97344611775057,1.04613235864793,3.11568112611726,21.5409997940063,0.131999999284744,1.94500005245209,0.293999999761581,2458158.965289,2458218.966042,0,19.516174811925232,19.643089270463445,19.40255518397022
